"sys_SequentialRespondentNumber","compcode","workerid","sys_StartTime","sys_EndTime","sys_ElapsedTime","sys_InternalRespNum","sys_CBCVersion_CBC","user","mtwid","consent1_1","consent2_1","consent3_1","pastbuyer","futurebuyer","primarybuyer","quota","CarMake","CarModel","VehicleOwnership","dailyvmt","annualvmt","carsizeselect","carimagesmall","carimagemid","carimagelarge","Topcarsmall_1","Topcarsmall_2","Topcarsmall_3","Topcarsmall_4","Topcarsmall_5","Topcarsmall_6","Topcarsmall_7","Topcarsmall_8","Topcarmid_1","Topcarmid_2","Topcarmid_3","Topcarmid_4","Topcarmid_5","Topcarmid_6","Topcarmid_7","Topcarmid_8","Topcarlarge_1","Topcarlarge_2","Topcarlarge_3","Topcarlarge_4","Topcarlarge_5","Topcarlarge_6","Topcarlarge_7","Topcarlarge_8","CBCFIX1","CBCRAN1","CBCRAN2","CBCRAN3","CBCRAN4","CBCRAN5","CBCRAN6","CBCRAN7","CBCRAN8","CBCRAN9","CBCRAN10","CBCRAN11","CBCRAN12","CBCRAN13","CBCRAN14","CBCRAN15","productuseratings_r1","productuseratings_r2","productuseratings_r3","productuseratings_r4","productuseratings_r5","productuseratings_r6","EnvLifeRatings_r1","EnvLifeRatings_r2","EnvLifeRatings_r3","EnvLifeRatings_r4","DrivingTypeExper_1","DrivingTypeExper_2","DrivingTypeExper_3","DrivingTypeExper_4","DrivingTypeExper_5","consideration_1","consideration_2","consideration_3","consideration_4","consideration_5","parkingHomeGarage","parkingHomeStructure","parkingHomeDriveway","parkingHomeStreet","parkingHomeOther","slowchargingaccess_1","slowchargingaccess_2","slowchargingaccess_3","slowchargingaccess_4","slowchargingaccess_5","slowchargingaccess_6","slowchargingaccess_7","slowchargingaccess_8","slowchargingaccess_9","fastchargingaccess","brandrank1","brankrank2","brandrank3","maintenance","income","sex","householdsize","YOB","zipcode","education","children","marriage","sys_RespStatus","sys_DispositionCode","sys_UserAgent","sys_Browser","sys_OperatingSystem","sys_IPAddress","sys_UserJavaScript","comments"
1,"484088369","ABY1RK8H6HC8C",2012-9-17 15:48,2012-9-17 15:57,501,13,4,"3f2jk9","",1,1,1,2,2,3,2,10,"Pilot",2,3,4,2,,4,,,,,,,,,,4,,,,,,,,,,,,,,,,2,2,3,1,3,1,2,2,2,2,2,1,1,1,2,2,5,5,5,,1,4,4,3,3,3,1,0,0,0,0,1,0,0,0,0,3,1,3,5,1,1,0,0,0,0,0,0,0,0,3,10,21,7,4,10,2,6,,"",3,5,2,5,,"Mozilla/5.0 (Windows NT 6.1; WOW64; rv:15.0) Gecko/20100101 Firefox/15.0.1","Firefox 15.0.1","Windows NT 6.1","74.139.122.179",1,""
2,"632189934","Travis Clarke",2012-9-17 19:02,2012-9-17 19:10,499,16,7,"3f2jk9","",1,1,1,2,4,1,1,24,"Dodge Ram 1500",2,5,4,3,,,1,,,,,,,,,,,,,,,,,1,,,,,,,,2,1,2,1,2,2,1,1,3,3,2,2,1,1,3,3,5,3,3,3,4,4,4,3,2,4,1,2,0,0,0,1,2,0,4,0,3,6,3,6,6,0,2,0,0,0,0,7,0,9,1,2,3,6,4,7,1,2,46,"37076",5,1,2,5,,"Mozilla/4.0 (compatible; MSIE 8.0; Windows NT 5.1; Trident/4.0; .NET CLR 1.1.4322; .NET CLR 2.0.50727; .NET CLR 3.0.04506.30; InfoPath.2; .NET CLR 3.0.4506.2152; .NET CLR 3.5.30729)","MSIE 8.0","Windows XP","208.185.48.23",1,""
3,"657310577","APSUBE301W0JO",2012-9-17 14:13,2012-9-17 14:26,769,11,2,"3f2jk9","",1,1,1,3,3,1,5,14,"MPV",4,3,6,1,2,,,2,,,,,,,,,,,,,,,,,,,,,,,,2,1,1,1,2,3,2,1,3,3,1,2,2,3,3,1,4,4,5,4,2,2,2,3,5,5,1,2,0,0,0,1,2,3,4,0,6,6,6,6,7,1,0,3,0,0,0,0,0,0,2,21,19,14,5,11,1,6,32,"06250",3,3,1,5,,"Mozilla/5.0 (Windows NT 6.1; WOW64; rv:15.0) Gecko/20100101 Firefox/15.0.1","Firefox 15.0.1","Windows NT 6.1","108.247.169.160",1,""
4,"435667379","A3EYWJCIO1MG9W",2012-9-17 15:40,2012-9-17 15:50,578,12,3,"3f2jk9","",1,1,1,3,2,1,3,6,"Blazer",4,4,4,1,7,,,7,,,,,,,,,,,,,,,,,,,,,,,,2,3,1,1,1,3,3,1,3,1,3,2,3,1,3,3,5,3,4,3,2,4,3,2,4,4,1,2,0,0,0,1,2,0,0,0,3,6,3,4,1,1,0,0,0,0,0,0,0,0,3,21,6,7,5,7,1,5,47,"80031",3,1,1,5,,"Mozilla/5.0 (Windows NT 6.1; WOW64) AppleWebKit/537.1 (KHTML, like Gecko) Chrome/21.0.1180.89 Safari/537.1","Chrome 21.0.1180.89","Windows NT 6.1","75.166.202.9",1,""
5,"228614413","A3Q9PT0RP133GV",2012-9-17 16:21,2012-9-17 16:32,629,14,5,"3f2jk9","",1,1,1,2,3,3,2,17,"Murano",2,6,10,2,,2,,,,,,,,,,2,,,,,,,,,,,,,,,,2,3,1,1,1,1,1,3,3,3,1,3,2,3,2,2,4,3,3,4,3,3,2,3,4,3,1,0,0,0,0,0,2,3,4,0,1,3,1,1,1,0,0,0,0,0,0,0,0,0,3,17,21,3,5,10,2,2,46,"21209",3,1,3,5,,"Mozilla/5.0 (Windows NT 6.1; WOW64; rv:15.0) Gecko/20100101 Firefox/15.0.1","Firefox 15.0.1","Windows NT 6.1","98.233.229.125",1,"thanks for the survey"
6,"733620962","A8LEPWQTNYZ2Y",2012-9-17 17:34,2012-9-17 18:01,1641,15,6,"3f2jk9","",1,1,1,3,3,1,5,7,"Dodge Avenger",2,3,9,2,,3,,,,,,,,,,3,,,,,,,,,,,,,,,,2,3,1,1,3,2,3,3,2,2,2,3,3,1,3,3,5,4,4,5,1,4,4,1,1,2,1,0,0,0,0,1,2,3,0,0,1,1,2,1,1,0,0,0,0,0,0,0,0,0,3,5,8,6,3,6,1,3,44,"37042",6,2,2,5,,"Mozilla/5.0 (Windows NT 6.0) AppleWebKit/537.1 (KHTML, like Gecko) Chrome/21.0.1180.89 Safari/537.1","Chrome 21.0.1180.89","Windows Vista) AppleWebKit/537.1 (KHTML, like Gecko","24.159.54.227",1,""
7,"169952979","A2VX8B1CJXRN2",2012-9-17 21:12,2012-9-17 21:28,962,20,11,"3f2jk9","",1,1,1,3,2,1,3,8,"Freestyle",3,4,2,2,,7,,,,,,,,,,7,,,,,,,,,,,,,,,,2,2,3,2,1,1,2,3,2,1,3,2,2,1,3,2,5,4,5,5,3,5,4,3,5,5,1,0,0,0,0,1,2,3,4,0,1,1,4,3,1,0,0,3,0,0,0,0,0,0,3,8,6,21,4,9,2,4,23,"02053",4,3,2,5,,"Mozilla/5.0 (Windows NT 6.1; WOW64; rv:15.0) Gecko/20100101 Firefox/15.0.1","Firefox 15.0.1","Windows NT 6.1","173.48.101.100",1,""
8,"629584704","A31V3MMKUWZOP1",2012-9-18 02:23,2012-9-18 02:32,545,24,15,"3f2jk9","",1,1,1,3,3,1,5,6,"Suburbn",3,9,6,1,7,,,7,,,,,,,,,,,,,,,,,,,,,,,,2,2,1,3,2,3,1,1,2,3,3,1,1,2,2,1,4,4,5,4,4,5,4,2,2,4,1,2,0,0,0,1,2,3,0,0,4,7,4,5,7,1,0,0,0,0,0,0,0,0,3,9,7,3,5,10,1,4,38,"78681",5,3,2,5,,"Mozilla/5.0 (Macintosh; Intel Mac OS X 10_7_4) AppleWebKit/537.1 (KHTML, like Gecko) Chrome/21.0.1180.82 Safari/537.1","Chrome 21.0.1180.82","Macintosh","72.182.2.156",1,""
9,"748918542","AVAQ3OJDLSTLQ",2012-9-17 22:52,2012-9-17 23:05,783,22,13,"3f2jk9","",1,1,1,3,3,3,6,24,"Dodge Grand Caravan",3,3,3,3,,,8,,,,,,,,,,,,,,,,,8,,,,,,,,2,3,2,1,2,1,2,2,2,1,2,3,3,3,3,1,5,4,5,5,2,4,3,2,4,4,1,0,0,0,0,1,2,3,0,0,4,3,4,1,1,1,0,0,0,0,0,0,0,0,3,10,21,17,4,7,2,5,34,"85249",5,4,2,5,,"Mozilla/5.0 (Windows NT 6.1; WOW64) AppleWebKit/537.1 (KHTML, like Gecko) Chrome/21.0.1180.89 Safari/537.1","Chrome 21.0.1180.89","Windows NT 6.1","68.2.28.151",1,"Thank you for allowing me to participate."
10,"924234541","A2JIMXT1XX2EO2",2012-9-17 20:26,2012-9-17 20:39,759,18,9,"3f2jk9","",1,1,1,2,3,1,1,21,"RAV4",3,2,1,1,2,,,2,,,,,,,,,,,,,,,,,,,,,,,,2,2,3,3,2,2,1,3,3,1,1,2,3,2,2,1,5,4,5,5,3,3,1,4,5,5,0,2,0,0,0,1,2,3,0,0,1,1,3,5,1,0,0,3,0,0,0,0,8,9,3,21,10,14,3,5,2,3,41,"97213",6,2,2,5,,"Mozilla/5.0 (Windows NT 6.1; WOW64) AppleWebKit/537.1 (KHTML, like Gecko) Chrome/21.0.1180.89 Safari/537.1","Chrome 21.0.1180.89","Windows NT 6.1","70.57.115.70",1,""
11,"186598673","A19JQ9FM94JP8D",2012-9-18 02:49,2012-9-18 03:04,891,25,16,"3f2jk9","",1,1,1,2,4,1,1,21,"Tacoma",4,6,4,3,,,1,,,,,,,,,,,,,,,,,1,,,,,,,,2,3,3,1,1,3,2,1,3,2,1,1,3,3,3,2,5,5,5,2,3,5,2,1,4,3,1,2,3,0,0,1,2,3,0,0,3,1,5,5,7,1,0,3,0,0,0,0,0,0,3,6,21,7,4,7,1,3,49,"23320",5,1,,5,,"Mozilla/5.0 (Macintosh; Intel Mac OS X 10_6_8) AppleWebKit/537.1 (KHTML, like Gecko) Chrome/21.0.1180.89 Safari/537.1","Chrome 21.0.1180.89","Macintosh","68.57.44.166",1,""
12,"288350493","A1187158W5PQ0P",2012-9-17 22:33,2012-9-17 22:46,820,21,12,"3f2jk9","",1,1,1,3,3,1,5,11,"Elantra",3,4,1,1,6,,,6,,,,,,,,,,,,,,,,,,,,,,,,2,1,1,3,2,1,3,2,1,3,2,1,1,1,1,3,5,4,5,4,3,3,3,1,3,4,1,2,0,0,0,1,2,3,0,0,3,1,2,2,1,1,0,3,0,0,0,0,0,0,2,2,19,11,4,10,1,1,32,"98030",5,1,2,5,,"Mozilla/5.0 (Windows NT 6.1; WOW64) AppleWebKit/537.1 (KHTML, like Gecko) Chrome/21.0.1180.89 Safari/537.1","Chrome 21.0.1180.89","Windows NT 6.1","128.95.19.98",1,""
13,"263229850","A1L77K0EBMR94K",2012-9-18 05:29,2012-9-18 05:46,1040,26,17,"3f2jk9","",1,1,1,3,2,3,4,21,"Camry",4,9,9,1,6,,,6,,,,,,,,,,,,,,,,,,,,,,,,2,1,3,3,1,1,1,3,1,1,3,2,3,2,2,3,5,4,5,5,2,4,3,3,3,4,1,2,0,0,0,1,2,0,0,0,3,7,3,3,7,1,0,0,0,0,0,0,0,0,2,21,10,24,3,7,1,2,20,"93446",4,1,2,5,,"Mozilla/4.0 (compatible; MSIE 7.0; Windows NT 5.1; GTB7.4; .NET CLR 1.1.4322; .NET CLR 2.0.50727; .NET CLR 3.0.04506.30)","MSIE 7.0","Windows XP","75.15.129.198",1,""
14,"162169704","AHJQDF8PAHVDP",2012-9-18 07:51,2012-9-18 08:05,869,32,23,"3f2jk9","",1,1,1,3,2,1,3,21,"Carolla",3,6,4,3,,,7,,,,,,,,,,,,,,,,,7,,,,,,,,2,2,3,1,1,1,3,1,3,2,3,1,3,2,1,3,5,4,5,5,4,5,5,4,5,5,1,2,0,0,0,0,0,3,4,0,4,5,4,4,5,1,0,0,0,0,0,0,0,0,,15,13,5,4,7,2,3,35,"33417",6,2,2,5,,"Mozilla/5.0 (Windows NT 6.1) AppleWebKit/537.1 (KHTML, like Gecko) Chrome/21.0.1180.89 Safari/537.1","Chrome 21.0.1180.89","Windows NT 6.1) AppleWebKit/537.1 (KHTML, like Gecko","50.140.65.252",1,"None"
15,"539576384","A3CGQOJC28OVGN",2012-9-18 16:01,2012-9-18 16:12,658,35,26,"3f2jk9","",1,1,1,3,2,3,4,9,"Envoy",2,5,8,3,,,6,,,,,,,,,,,,,,,,,6,,,,,,,,2,1,3,1,3,2,3,1,1,3,2,1,1,1,3,3,4,4,5,5,2,4,1,4,5,5,1,2,0,0,0,1,2,0,4,0,1,1,5,1,1,0,0,3,0,5,0,0,0,0,3,9,15,3,1,8,1,6,37,"73632",5,3,3,5,,"Mozilla/5.0 (Windows NT 5.2; rv:15.0) Gecko/20100101 Firefox/15.0.1","Firefox 15.0.1","Windows NT 5.2","108.237.4.33",1,""
16,"130554994","A2O5CF8KIR9BWX",2012-9-18 14:41,2012-9-18 14:49,491,34,25,"3f2jk9","",1,1,1,2,4,3,2,17,"Murano",2,3,10,3,,,4,,,,,,,,,,,,,,,,,4,,,,,,,,2,3,3,3,2,1,3,1,1,3,3,3,2,3,2,3,5,4,4,5,1,3,2,2,3,2,1,0,0,0,0,1,2,0,0,0,4,3,4,5,3,1,2,3,0,0,0,0,0,0,,17,21,9,4,7,2,3,45,"59901",6,2,2,5,,"Mozilla/5.0 (Windows NT 6.1; WOW64; rv:15.0) Gecko/20100101 Firefox/15.0.1","Firefox 15.0.1","Windows NT 6.1","72.175.32.44",1,""
17,"203244367","A2CT0R9BEDYN6I",2012-9-18 07:09,2012-9-18 07:26,1010,30,21,"3f2jk9","",1,1,1,2,3,1,1,21,"Land Cruiser",3,9,9,2,,2,,,,,,,,,,2,,,,,,,,,,,,,,,,2,1,3,3,2,3,3,2,2,1,1,2,1,2,1,1,3,4,5,5,4,4,3,2,4,4,1,2,3,4,0,1,2,3,0,0,2,2,2,2,2,1,0,0,0,0,0,0,0,0,3,15,3,2,3,11,1,3,35,"05443",6,2,2,5,,"Mozilla/5.0 (Macintosh; Intel Mac OS X 10_5_8) AppleWebKit/534.50.2 (KHTML, like Gecko) Version/5.0.6 Safari/533.22.3","Safari 533.22.3","Macintosh","78.101.20.117",1,""
18,"819390411","A341KLOTTTS5I4",2012-9-18 07:36,2012-9-18 07:51,874,31,22,"3f2jk9","",1,1,1,3,3,1,5,8,"F150",2,5,2,2,,2,,,,,,,,,,2,,,,,,,,,,,,,,,,2,3,2,3,2,2,2,1,1,3,2,2,3,3,1,2,5,3,5,4,3,4,4,3,4,3,1,0,0,0,0,1,2,3,0,0,3,1,3,1,1,1,0,3,0,0,0,0,0,0,2,8,9,24,2,6,1,1,35,"32966",4,1,1,5,,"Mozilla/5.0 (Windows NT 5.1; rv:15.0) Gecko/20100101 Firefox/15.0.1","Firefox 15.0.1","Windows XP","99.14.185.42",1,""
19,"105935482","ASEM9TEU6XFCM",2012-9-18 14:40,2012-9-18 14:49,493,33,24,"3f2jk9","",1,1,1,2,4,1,1,17,"Rogue",3,4,4,1,2,,,2,,,,,,,,,,,,,,,,,,,,,,,,2,3,2,2,3,2,3,3,1,2,1,1,1,1,1,2,5,4,5,5,3,4,2,3,5,5,1,0,0,0,0,1,2,3,4,0,3,1,3,3,1,1,0,0,0,0,6,0,0,0,3,10,21,8,3,10,1,2,43,"85250",4,1,3,5,,"Mozilla/5.0 (Windows NT 6.1; WOW64) AppleWebKit/537.1 (KHTML, like Gecko) Chrome/21.0.1180.89 Safari/537.1","Chrome 21.0.1180.89","Windows NT 6.1","68.228.214.227",1,""
20,"285158097","A29WA8CIXIIFRE",2012-9-18 06:59,2012-9-18 07:15,991,28,19,"3f2jk9","",1,1,1,3,2,3,4,6,"Aveo",3,2,1,1,6,,,6,,,,,,,,,,,,,,,,,,,,,,,,2,3,3,1,2,1,2,2,3,2,2,2,1,3,2,2,5,3,5,5,2,3,2,2,4,5,1,0,0,0,0,1,2,0,0,0,3,1,1,1,1,1,0,0,0,0,0,0,0,0,3,12,6,10,1,5,2,3,44,"98512",2,2,2,5,,"Mozilla/5.0 (Windows NT 6.1; WOW64; rv:15.0) Gecko/20100101 Firefox/15.0.1","Firefox 15.0.1","Windows NT 6.1","76.121.129.73",1,""
21,"341093487","A3O4XM3IGW1SR2",2012-9-18 06:36,2012-9-18 06:47,645,27,18,"3f2jk9","",1,1,1,3,2,1,3,3,"x5",3,8,7,3,,,4,,,,,,,,,,,,,,,,,4,,,,,,,,2,2,3,1,3,3,2,2,1,2,3,3,3,2,2,2,4,5,4,5,5,5,4,1,1,1,1,2,0,0,0,1,0,0,0,0,3,7,3,7,7,1,0,0,0,0,0,0,0,0,3,3,15,1,5,7,2,2,42,"23226",5,1,2,5,,"Mozilla/5.0 (Windows NT 6.1; WOW64) AppleWebKit/537.1 (KHTML, like Gecko) Chrome/21.0.1180.89 Safari/537.1","Chrome 21.0.1180.89","Windows NT 6.1","105.250.41.200",1,""
22,"","",2012-9-18 07:08,2012-9-18 07:09,29,29,,"3f2jk9","",1,1,1,1,4,1,-1,,"",,,,,,,,,,,,,,,,,,,,,,,,,,,,,,,,,,,,,,,,,,,,,,,,,,,,,,,,,,,,,,,,,,,,,,,,,,,,,,,,,,,,,,,,,,,"",,,,4,,"Mozilla/5.0 (Windows NT 6.1; WOW64; rv:14.0) Gecko/20100101 Firefox/14.0.1","Firefox 14.0.1","Windows NT 6.1","119.158.74.18",1,""
23,"125741247","A2ZVH7ZX0S9UZS",2012-9-18 19:42,2012-9-18 19:57,919,370,27,"3f2jk9","",1,1,1,1,3,3,6,1,"",1,11,11,2,,8,,,,,,,,,,8,,,,,,,,,,,,,,,,2,1,3,3,3,3,1,3,1,1,1,2,3,1,1,3,5,4,4,5,1,4,4,2,4,3,1,0,0,0,0,1,2,3,4,0,3,1,5,3,1,1,0,0,0,0,0,0,0,0,3,5,15,17,4,12,1,4,46,"77479",5,1,1,5,,"Mozilla/5.0 (Macintosh; Intel Mac OS X 10_6_8) AppleWebKit/534.55.3 (KHTML, like Gecko) Version/5.1.5 Safari/534.55.3","Safari 534.55.3","Macintosh","98.199.74.23",1,""
24,"181153589","AYQZD1JLNYQ3M",2012-9-19 00:48,2012-9-19 00:56,470,371,28,"3f2jk9","",1,1,1,2,2,1,1,8,"Mustang Roush",3,3,5,3,,,2,,,,,,,,,,,,,,,,,2,,,,,,,,2,2,2,2,1,2,2,2,1,2,1,1,1,1,3,1,5,3,5,4,3,4,4,3,4,4,1,2,0,0,0,1,2,3,4,0,3,1,3,6,5,1,0,0,0,5,0,7,0,0,3,2,3,9,1,1,1,2,45,"95630",5,1,1,5,,"Mozilla/5.0 (Windows NT 6.1; WOW64) AppleWebKit/537.1 (KHTML, like Gecko) Chrome/21.0.1180.89 Safari/537.1","Chrome 21.0.1180.89","Windows NT 6.1","24.7.175.0",1,""
25,"374180337","A32RNC5NJDY693",2012-9-19 18:34,2012-9-19 18:41,418,373,30,"3f2jk9","",1,1,1,2,3,1,1,7,"Town and Country",3,1,1,3,,,7,,,,,,,,,,,,,,,,,7,,,,,,,,2,2,2,2,2,1,1,3,3,3,2,2,2,2,2,2,5,5,5,5,5,3,4,4,4,4,0,0,0,0,5,0,2,0,0,0,3,7,4,3,7,1,0,0,0,0,0,0,0,0,3,8,9,6,2,6,2,5,48,"61554",3,4,2,5,,"Mozilla/5.0 (Windows NT 6.1; WOW64) AppleWebKit/537.1 (KHTML, like Gecko) Chrome/21.0.1180.89 Safari/537.1","Chrome 21.0.1180.89","Windows NT 6.1","98.223.140.23",1,"Thanks"
26,"668202879","A12NR8I2E6YJ06",2012-9-19 16:29,2012-9-19 16:42,815,372,29,"3f2jk9","",1,1,1,3,3,3,6,10,"Civic",3,8,4,2,,4,,,,,,,,,,4,,,,,,,,,,,,,,,,2,1,1,1,3,1,2,3,3,3,1,2,3,3,2,3,5,4,4,5,3,5,3,3,3,4,1,0,0,0,0,1,0,0,0,0,2,2,2,2,2,1,0,0,0,0,0,0,0,0,3,10,21,14,5,7,2,5,42,"98087",3,3,2,5,,"Mozilla/5.0 (Windows NT 5.1) AppleWebKit/537.1 (KHTML, like Gecko) Chrome/21.0.1180.83 Safari/537.1","Chrome 21.0.1180.83","Windows XP) AppleWebKit/537.1 (KHTML, like Gecko","140.142.73.206",1,"n/a"
27,"142386941","AJTI3FEUYLGVC",2012-9-19 21:41,2012-9-19 21:50,534,375,32,"3f2jk9","",1,1,1,3,3,3,6,23,"XC90",3,4,3,3,,,2,,,,,,,,,,,,,,,,,2,,,,,,,,2,1,3,1,1,2,2,1,1,1,2,2,2,2,1,1,4,4,5,5,4,5,2,3,5,5,1,0,0,0,0,1,2,3,4,0,3,1,5,4,1,1,0,3,0,0,0,0,0,0,2,8,6,23,3,9,1,5,30,"08055",5,4,2,5,,"Mozilla/5.0 (Windows NT 6.0; rv:15.0) Gecko/20100101 Firefox/15.0.1","Firefox 15.0.1","Windows Vista","173.61.49.138",1,""
28,"260377824","A2WJ7NTZCDSDY6",2012-9-20 01:49,2012-9-20 01:57,468,377,34,"3f2jk9","",1,1,1,2,4,1,1,24,"Jeep Cherokee",3,2,4,2,,2,,,,,,,,,,2,,,,,,,,,,,,,,,,2,3,3,2,1,3,3,1,3,1,2,3,1,3,2,2,4,4,5,3,4,4,4,2,4,3,1,0,0,0,0,1,2,3,0,0,1,1,2,2,1,0,0,3,0,0,0,0,0,0,2,8,21,6,4,3,1,2,44,"99004",3,1,1,5,,"Mozilla/5.0 (Macintosh; Intel Mac OS X 10_6_8) AppleWebKit/534.57.2 (KHTML, like Gecko) Version/5.1.7 Safari/534.57.2","Safari 534.57.2","Macintosh","98.125.160.194",1,""
29,"816581996","A3J6V7EWSZK5TJ",2012-9-19 21:36,2012-9-19 21:44,478,374,31,"3f2jk9","",1,1,1,2,2,3,2,17,"Murano",3,3,5,2,,6,,,,,,,,,,6,,,,,,,,,,,,,,,,2,1,1,2,1,2,2,1,2,2,3,1,3,3,1,1,5,4,4,4,2,4,4,2,4,4,1,2,0,0,0,1,2,3,4,0,3,3,3,3,3,1,0,3,0,0,0,0,0,0,2,21,17,19,3,6,1,3,44,"59901",6,2,2,5,,"Mozilla/5.0 (Windows NT 6.1) AppleWebKit/537.1 (KHTML, like Gecko) Chrome/21.0.1180.89 Safari/537.1","Chrome 21.0.1180.89","Windows NT 6.1) AppleWebKit/537.1 (KHTML, like Gecko","216.211.185.78",1,""
30,"814326509","A247KO6GY032H",2012-9-20 04:30,2012-9-20 04:40,586,378,35,"3f2jk9","",1,1,1,1,2,1,3,10,"Oddyssey",2,3,4,2,,8,,,,,,,,,,8,,,,,,,,,,,,,,,,2,1,2,2,2,2,1,1,2,1,1,2,2,3,1,3,5,4,5,5,1,3,2,2,5,4,1,0,0,0,0,1,2,3,0,0,1,1,2,3,7,0,0,0,0,0,0,0,0,9,3,10,6,8,4,4,2,1,49,"90045",5,1,1,5,,"Mozilla/5.0 (Macintosh; Intel Mac OS X 10_7_4) AppleWebKit/537.1 (KHTML, like Gecko) Chrome/21.0.1180.89 Safari/537.1","Chrome 21.0.1180.89","Macintosh","76.171.109.139",1,""
31,"712193506","A1H78GIYLJ632Z",2012-9-21 03:40,2012-9-21 03:51,658,381,38,"3f2jk9","",1,1,1,3,3,1,5,17,"altima",2,7,10,2,,8,,,,,,,,,,8,,,,,,,,,,,,,,,,2,3,2,3,3,3,1,1,1,3,3,3,1,3,3,2,4,4,4,5,2,4,2,3,5,5,1,0,0,0,0,1,2,3,4,0,7,7,6,7,7,0,0,3,0,0,0,0,0,0,2,16,6,9,5,5,1,4,37,"16415",3,2,4,5,,"Mozilla/5.0 (compatible; MSIE 9.0; Windows NT 6.1; WOW64; Trident/5.0)","MSIE 9.0","Windows NT 6.1","71.253.101.24",1,""
32,"981454043","A37VD0ERH9XMY0",2012-9-21 19:46,2012-9-21 19:54,474,382,39,"3f2jk9","",1,1,1,3,2,3,4,6,"Blazer",2,4,4,2,,7,,,,,,,,,,7,,,,,,,,,,,,,,,,2,1,2,3,1,2,2,2,2,2,2,3,1,1,1,2,5,4,4,5,2,3,2,3,4,4,1,2,3,0,0,1,2,3,4,0,1,1,6,1,1,0,0,3,0,0,0,0,0,0,3,10,17,6,4,6,1,4,35,"37353",4,5,2,5,,"Mozilla/5.0 (Windows NT 6.1; WOW64; rv:15.0) Gecko/20100101 Firefox/15.0.1","Firefox 15.0.1","Windows NT 6.1","66.85.230.208",1,""
33,"159032635","A34062X9D9SKPE",2012-9-21 01:06,2012-9-21 01:14,525,380,37,"3f2jk9","",1,1,1,1,3,3,6,17,"Pickup",2,1,1,1,1,,,1,,,,,,,,,,,,,,,,,,,,,,,,2,3,1,3,3,2,3,1,2,2,1,1,2,3,2,3,5,3,4,2,2,2,2,2,2,1,1,0,0,0,0,1,2,3,0,0,1,1,1,3,1,0,2,0,0,0,0,0,0,0,3,17,7,9,4,1,2,4,41,"82001",3,3,2,5,,"Mozilla/5.0 (Windows NT 5.1; rv:15.0) Gecko/20100101 Firefox/15.0.1","Firefox 15.0.1","Windows XP","174.45.200.234",1,"thanks, it was fun"
34,"421763430","A2LH9IAJAFHZ0G",2012-9-20 18:50,2012-9-20 19:06,960,379,36,"3f2jk9","",1,1,1,2,4,3,2,12,"sorento",3,9,7,2,,3,,,,,,,,,,3,,,,,,,,,,,,,,,,2,1,1,3,1,2,3,2,3,3,1,2,1,3,1,2,5,4,4,4,3,4,4,2,2,4,1,0,0,0,0,0,2,0,0,0,1,7,3,4,7,0,0,3,0,0,0,0,0,0,3,6,8,12,5,7,2,2,41,"78644",5,1,1,5,,"Mozilla/5.0 (Linux; U; Android 2.3.6; en-us; SAMSUNG-SGH-I727 Build/GINGERBREAD) AppleWebKit/533.1 (KHTML, like Gecko) Version/4.0 Mobile Safari/533.1","Safari 533.1","Linux","166.147.72.147",1,""
35,"635103894","ATQKTFZ7ETZ1C",2012-9-23 12:20,2012-9-23 12:31,687,383,40,"3f2jk9","",1,1,1,2,3,3,2,6,"Equinox",3,4,4,1,3,,,3,,,,,,,,,,,,,,,,,,,,,,,,2,3,2,3,1,1,2,2,3,2,3,1,2,3,3,1,4,3,5,4,4,4,2,2,4,4,1,2,0,0,0,1,2,3,0,0,1,1,3,3,4,0,0,3,0,0,0,0,0,0,2,3,6,24,4,9,2,2,40,"04062",4,1,3,5,,"Mozilla/5.0 (Windows NT 6.1; WOW64; rv:15.0) Gecko/20100101 Firefox/15.0.1","Firefox 15.0.1","Windows NT 6.1","72.224.95.9",1,"I enjoyed the comparison task for the cars."
36,"687072863","APSE9VF9UEPXL",2012-9-24 12:26,2012-9-24 12:44,1063,386,43,"3f2jk9","",1,1,1,2,3,1,1,17,"Altima",2,3,4,3,,,2,,,,,,,,,,,,,,,,,2,,,,,,,,2,2,3,2,2,2,3,2,2,1,2,2,2,2,3,2,5,4,5,4,1,5,4,1,4,4,1,0,0,0,0,0,0,0,4,0,3,1,2,3,1,1,0,0,0,0,0,0,0,0,3,10,17,11,5,4,2,4,43,"23805",3,4,1,5,,"Mozilla/5.0 (Windows NT 6.1; WOW64; rv:15.0) Gecko/20100101 Firefox/15.0.1","Firefox 15.0.1","Windows NT 6.1","173.133.103.54",1,""
37,"317552287","A2VRQML8Q3XYP4",2012-9-23 23:53,2012-9-24 00:08,913,384,41,"3f2jk9","",1,1,1,3,3,1,5,10,"CRV",3,6,3,2,,5,,,,,,,,,,5,,,,,,,,,,,,,,,,2,1,2,1,2,1,3,1,2,2,2,2,1,1,3,1,5,4,5,5,1,3,3,3,4,4,1,2,0,0,0,1,2,3,0,0,3,1,3,4,1,0,0,0,0,0,0,0,0,9,3,15,2,10,4,9,2,4,31,"92807",5,3,2,5,,"Mozilla/5.0 (iPad; CPU OS 5_1_1 like Mac OS X) AppleWebKit/534.46 (KHTML, like Gecko) Version/5.1 Mobile/9B206 Safari/7534.48.3","Safari 7534.48.3","","75.19.165.235",1,"Nope...."
38,"495364652","A2ZNE3MKA8LELO",2012-9-24 00:20,2012-9-24 00:33,824,385,42,"3f2jk9","",1,1,1,3,3,1,5,8,"Windstar",2,2,2,2,,2,,,,,,,,,,2,,,,,,,,,,,,,,,,2,2,1,3,1,1,3,1,1,2,1,3,2,2,2,3,5,4,5,4,2,4,2,3,3,3,1,0,0,0,0,1,2,0,0,0,1,1,1,1,6,0,0,0,0,0,0,0,0,0,3,6,14,16,5,2,2,3,27,"08070",2,4,4,5,,"Mozilla/5.0 (Windows NT 5.1; rv:15.0) Gecko/20100101 Firefox/15.0.1","Firefox 15.0.1","Windows XP","69.141.21.6",1,""
39,"573628987","A1H2D6HAOGIQCD",2012-9-25 01:31,2012-9-25 01:38,395,387,44,"3f2jk9","",1,1,1,3,2,1,3,2,"A4",4,9,9,1,6,,,6,,,,,,,,,,,,,,,,,,,,,,,,2,3,1,3,2,2,2,1,2,1,3,1,1,2,2,1,5,5,5,5,5,5,4,3,4,4,1,0,0,0,0,1,0,0,0,0,4,1,6,1,5,1,0,3,0,5,0,0,0,0,2,15,2,3,1,12,2,4,48,"40033",5,1,1,5,,"Mozilla/5.0 (Macintosh; Intel Mac OS X 10.7; rv:15.0) Gecko/20100101 Firefox/15.0.1","Firefox 15.0.1","Mac OS X 10.7","69.23.57.241",1,"interesting"
40,"822733721","A12D0U73YPLFP5",2012-9-25 20:55,2012-9-25 21:03,454,389,46,"3f2jk9","",1,1,1,2,2,1,1,10,"Accord",2,1,2,1,3,,,3,,,,,,,,,,,,,,,,,,,,,,,,2,2,2,2,1,2,2,2,3,2,2,2,2,2,1,2,5,2,5,4,4,3,3,4,5,3,0,0,0,0,5,1,2,0,0,0,2,2,2,2,2,1,2,0,0,0,0,0,0,0,2,3,19,8,5,1,1,1,47,"65233",3,1,3,5,,"Mozilla/5.0 (Windows NT 6.1; WOW64; rv:15.0) Gecko/20100101 Firefox/15.0.1","Firefox 15.0.1","Windows NT 6.1","64.72.36.113",1,""
41,"175250064","A3QAHOIFQKYIDH",2012-9-25 14:07,2012-9-25 14:17,628,388,45,"3f2jk9","",1,1,1,2,3,3,2,10,"Odyssey",3,4,3,3,,,6,,,,,,,,,,,,,,,,,6,,,,,,,,2,3,1,3,3,3,1,3,2,1,1,2,3,3,3,2,4,5,5,4,1,4,4,3,3,2,1,2,0,0,0,1,2,0,0,0,1,2,1,3,1,0,0,0,0,0,0,0,0,0,2,10,21,19,1,4,2,5,46,"40205",5,4,2,5,,"Mozilla/5.0 (Macintosh; Intel Mac OS X 10.7; rv:15.0) Gecko/20100101 Firefox/15.0.1","Firefox 15.0.1","Mac OS X 10.7","74.138.22.89",1,""
42,"343233422","ASPL0SF3VVEZH",2012-9-26 03:10,2012-9-26 03:25,883,391,48,"3f2jk9","",1,1,1,3,3,1,5,8,"Ranger",2,2,1,3,,,5,,,,,,,,,,,,,,,,,5,,,,,,,,2,1,1,1,3,1,3,2,2,2,2,1,1,3,1,1,5,5,4,4,1,1,1,4,4,3,1,0,0,4,0,0,0,0,4,0,1,1,6,6,1,0,0,3,4,0,0,7,0,0,1,8,4,15,2,5,1,8,19,"72015",5,1,4,5,,"Mozilla/5.0 (Windows NT 5.1; rv:15.0) Gecko/20100101 Firefox/15.0.1","Firefox 15.0.1","Windows XP","64.136.26.154",1,"Thank you for this HIT."
43,"615396236","A1845VY68OGOOM",2012-9-27 18:08,2012-9-27 18:17,542,393,50,"3f2jk9","",1,1,1,3,3,1,5,8,"Escape",2,6,4,1,5,,,5,,,,,,,,,,,,,,,,,,,,,,,,2,1,2,1,2,1,2,3,2,1,3,3,3,3,1,1,5,4,5,4,3,4,4,3,3,4,1,2,0,0,0,1,2,3,4,0,3,7,1,6,3,0,0,0,4,0,0,7,0,9,1,8,24,3,3,5,1,,40,"97035",4,1,,5,,"Mozilla/5.0 (Windows NT 5.1) AppleWebKit/537.4 (KHTML, like Gecko) Chrome/22.0.1229.79 Safari/537.4","Chrome 22.0.1229.79","Windows XP) AppleWebKit/537.4 (KHTML, like Gecko","66.87.64.202",1,""
44,"848342364","A2SQU0H0EO6QNO",2012-9-29 20:35,2012-9-29 20:44,525,395,52,"3f2jk9","",1,1,1,3,3,1,5,24,"Jeep Grand Cherokee",2,9,9,2,,1,,,,,,,,,,1,,,,,,,,,,,,,,,,2,2,3,3,2,2,2,2,2,2,1,2,1,2,3,1,4,4,5,5,4,4,2,3,4,3,1,2,0,0,0,1,2,3,4,0,1,1,2,1,1,0,0,3,0,0,0,0,0,0,3,3,21,19,2,6,1,1,33,"28715",6,1,1,5,,"Mozilla/5.0 (Windows NT 6.1; WOW64) AppleWebKit/537.4 (KHTML, like Gecko) Chrome/22.0.1229.79 Safari/537.4","Chrome 22.0.1229.79","Windows NT 6.1","24.181.210.28",1,"Enjoyed this."
45,"718522578","A150A89KKQSJY8",2012-9-28 02:46,2012-9-28 03:05,1136,394,51,"3f2jk9","",1,1,1,3,2,1,3,8,"Windstar",3,9,7,2,,1,,,,,,,,,,1,,,,,,,,,,,,,,,,2,1,1,1,3,3,1,2,3,1,3,2,1,2,2,2,5,4,5,5,4,4,3,3,3,3,1,0,0,0,0,1,2,3,4,0,2,1,3,7,1,1,0,3,4,0,0,0,0,0,2,6,7,8,2,5,1,4,33,"68355",2,3,2,5,,"Mozilla/5.0 (Windows NT 6.1; rv:15.0) Gecko/20100101 Firefox/15.0.1","Firefox 15.0.1","Windows NT 6.1","76.84.210.23",1,""
46,"300131313","AG36Z6EQKON45",2012-10-2 20:38,2012-10-2 20:48,607,407,54,"3f2jk9","",1,1,1,3,3,3,6,24,"Saab 9-5",2,5,6,1,1,,,1,,,,,,,,,,,,,,,,,,,,,,,,2,3,1,1,1,2,1,2,2,1,3,1,1,2,3,1,5,4,5,5,1,4,4,4,,5,1,0,0,0,0,1,2,0,4,0,1,1,2,1,1,0,0,0,0,0,0,0,0,0,1,23,2,19,3,2,2,3,33,"12866",3,2,2,5,,"Mozilla/5.0 (Macintosh; Intel Mac OS X 10_5_8) AppleWebKit/534.50.2 (KHTML, like Gecko) Version/5.0.6 Safari/533.22.3","Safari 533.22.3","Macintosh","74.76.218.85",1,""
47,"530433899","A235SJH76CB03Y",2012-10-2 10:24,2012-10-2 10:33,519,406,53,"3f2jk9","",1,1,1,3,3,1,5,8,"Explorer",3,9,7,2,,8,,,,,,,,,,8,,,,,,,,,,,,,,,,2,3,1,1,3,1,2,3,1,2,3,1,1,1,3,2,5,4,2,1,1,2,2,1,1,1,1,2,0,0,0,1,2,3,4,0,1,1,1,3,1,0,0,0,4,0,0,0,0,0,2,6,8,21,4,7,1,1,43,"36867",4,1,1,5,,"Mozilla/4.0 (compatible; MSIE 8.0; Windows NT 6.1; Trident/4.0; SLCC2; .NET CLR 2.0.50727; .NET CLR 3.5.30729; .NET CLR 3.0.30729; InfoPath.2; MS-RTC LM 8; .NET4.0C; SLCC1)","MSIE 8.0","Windows NT 6.1","150.226.95.18",1,""
48,"819162889","A32SAWTHW1T9DA",2012-10-28 20:50,2012-10-28 20:59,524,449,86,"3f2jk9","",1,1,1,3,2,3,4,21,"4runner",3,3,3,2,,4,,,,,,,,,,4,,,,,,,,,,,,,,,,3,2,1,2,2,1,3,3,3,3,1,1,1,3,2,3,5,4,5,5,2,4,3,4,5,5,1,2,0,0,0,1,2,0,0,0,3,1,3,1,1,1,0,0,0,0,0,0,0,0,2,21,10,8,4,9,2,2,44,"76504",5,1,1,5,,"Mozilla/5.0 (Windows NT 6.1; WOW64; rv:16.0) Gecko/20100101 Firefox/16.0","Firefox 16.0","Windows NT 6.1","24.242.42.44",1,""
49,"737485855","AMYO0DCMLRI58",2012-10-31 18:18,2012-10-31 18:25,403,457,94,"3f2jk9","",1,1,1,2,3,3,2,6,"Malibu",3,4,8,1,1,,,1,,,,,,,,,,,,,,,,,,,,,,,,1,3,3,3,2,1,2,3,1,3,3,3,1,3,2,3,5,4,4,4,4,4,2,2,2,2,1,0,0,0,0,1,2,0,0,0,1,1,3,3,1,0,0,0,0,0,0,0,0,0,3,6,12,10,5,7,2,3,43,"68104",5,2,2,5,,"Mozilla/4.0 (compatible; MSIE 8.0; Windows NT 6.1; Trident/4.0; SLCC2; .NET CLR 2.0.50727; .NET CLR 3.5.30729; .NET CLR 3.0.30729; Media Center PC 6.0; InfoPath.3; .NET4.0C; .NET CLR 1.1.4322; .NET4.0E)","MSIE 8.0","Windows NT 6.1","66.37.229.149",1,""
50,"205557421","polarbear",2012-10-26 17:35,2012-10-26 17:39,216,422,69,"3f2jk9","",1,1,1,2,4,1,1,8,"F-150",4,3,5,3,,,1,,,,,,,,,,,,,,,,,1,,,,,,,,2,2,3,1,2,2,3,2,1,1,3,1,1,1,1,2,1,5,4,4,5,5,4,5,4,5,1,0,0,0,0,1,0,0,0,0,4,1,3,3,5,0,0,0,0,0,6,7,8,0,2,8,6,15,1,11,1,3,50,"79410",3,3,2,5,,"Mozilla/5.0 (Macintosh; Intel Mac OS X 10_7_5) AppleWebKit/537.4 (KHTML, like Gecko) Chrome/22.0.1229.94 Safari/537.4","Chrome 22.0.1229.94","Macintosh","129.118.213.31",1,""
51,"854593566","AGF24W1KJDS1E",2012-10-28 14:33,2012-10-28 14:49,966,446,83,"3f2jk9","",1,1,1,2,3,1,1,12,"Sorento",3,3,3,2,,6,,,,,,,,,,6,,,,,,,,,,,,,,,,2,2,3,3,3,2,2,2,1,3,2,1,2,2,3,2,5,4,5,4,3,4,4,3,4,5,0,0,0,0,5,1,2,3,0,0,1,1,6,1,1,0,0,3,0,0,0,0,0,0,3,17,12,19,4,6,2,2,43,"26505",4,1,3,5,,"Mozilla/5.0 (Windows NT 6.1; WOW64; rv:16.0) Gecko/20100101 Firefox/16.0","Firefox 16.0","Windows NT 6.1","71.61.144.73",1,""
52,"917222307","A3FO0AK3PG8ZDK",2012-10-27 13:20,2012-10-27 13:32,740,429,76,"3f2jk9","",1,1,1,2,2,3,2,14,"626",3,8,9,2,,3,,,,,,,,,,3,,,,,,,,,,,,,,,,2,2,1,3,2,2,3,2,1,2,2,1,1,3,1,1,4,5,4,5,1,3,2,3,5,4,1,0,0,0,0,1,2,0,0,0,3,1,5,6,1,1,0,3,0,0,0,0,0,0,3,6,8,7,4,10,2,5,42,"28540",3,4,3,5,,"Mozilla/5.0 (Windows NT 6.1; WOW64; rv:16.0) Gecko/20100101 Firefox/16.0","Firefox 16.0","Windows NT 6.1","184.3.142.177",1,""
53,"938313078","AR95C0P53AFWJ",2012-10-27 07:06,2012-10-27 07:16,602,428,75,"3f2jk9","",1,1,1,3,2,1,3,12,"Optima",2,2,2,2,,2,,,,,,,,,,2,,,,,,,,,,,,,,,,2,3,2,2,2,3,1,1,2,3,2,2,1,2,1,1,5,,5,5,1,5,3,2,2,3,1,0,0,0,0,1,2,0,0,0,2,2,2,2,2,0,0,0,0,0,0,0,0,0,3,8,6,9,4,2,2,1,26,"18104",2,1,1,5,,"Mozilla/5.0 (Windows NT 6.1; WOW64; rv:16.0) Gecko/20100101 Firefox/16.0","Firefox 16.0","Windows NT 6.1","24.229.152.87",1,""
54,"237243349","A11FHFONMVCL8X",2012-10-25 23:04,2012-10-25 23:14,628,413,60,"3f2jk9","",1,1,1,2,4,3,2,19,"Forester",3,3,4,1,7,,,7,,,,,,,,,,,,,,,,,,,,,,,,2,3,2,3,2,1,1,2,3,1,1,1,2,2,2,1,5,4,5,5,4,4,3,3,3,2,1,2,0,0,0,1,2,3,0,0,3,1,3,6,1,1,0,3,0,0,0,7,0,0,3,19,15,22,5,11,1,4,32,"57103",6,3,2,5,,"Mozilla/5.0 (Macintosh; Intel Mac OS X 10_6_8) AppleWebKit/537.4 (KHTML, like Gecko) Chrome/22.0.1229.94 Safari/537.4","Chrome 22.0.1229.94","Macintosh","24.230.50.239",1,""
55,"516252016","A24O6UEHBOEYLE",2012-10-26 06:18,2012-10-26 06:34,959,419,66,"3f2jk9","",1,1,1,1,3,1,5,1,"",1,11,11,1,7,,,7,,,,,,,,,,,,,,,,,,,,,,,,2,2,3,3,2,2,2,1,2,3,1,1,3,1,1,2,4,4,4,4,3,4,4,5,5,5,1,2,0,0,0,0,2,3,4,0,7,7,7,7,7,1,0,0,0,0,0,0,0,0,2,19,20,21,1,1,1,1,47,"78006",5,1,1,5,,"Mozilla/5.0 (Macintosh; Intel Mac OS X 10_7_5) AppleWebKit/537.4 (KHTML, like Gecko) Chrome/22.0.1229.94 Safari/537.4","Chrome 22.0.1229.94","Macintosh","78.111.176.131",1,""
56,"560160190","AKH9IJY7FNYBK",2012-10-28 17:50,2012-10-28 18:03,812,448,85,"3f2jk9","",1,1,1,3,2,1,3,6,"Grand caravan",3,4,5,2,,1,,,,,,,,,,1,,,,,,,,,,,,,,,,2,3,1,3,2,3,3,3,2,1,2,3,3,2,1,3,4,3,4,4,2,3,2,4,4,4,1,2,0,0,0,1,2,3,4,0,3,1,5,5,6,1,0,3,0,0,0,0,0,0,2,8,6,21,2,7,2,4,39,"37803",4,3,2,5,,"Mozilla/5.0 (iPad; CPU OS 5_1_1 like Mac OS X) AppleWebKit/534.46 (KHTML, like Gecko) Version/5.1 Mobile/9B206 Safari/7534.48.3","Safari 7534.48.3","","24.158.206.47",1,""
57,"613382476","A3JI91CQIA5FWO",2012-10-26 03:17,2012-10-26 03:33,976,417,64,"3f2jk9","",1,1,1,2,3,1,1,6,"Impala",2,2,3,3,,,2,,,,,,,,,,,,,,,,,2,,,,,,,,2,2,2,2,3,3,3,3,2,2,3,1,3,3,1,3,5,2,4,4,1,5,4,3,4,4,1,0,0,0,0,1,2,3,4,0,1,1,3,1,1,0,0,0,0,0,0,7,0,0,2,6,9,24,5,6,2,3,47,"28562",3,2,2,5,,"Mozilla/5.0 (Windows NT 6.1; rv:16.0) Gecko/20100101 Firefox/16.0","Firefox 16.0","Windows NT 6.1","75.110.158.219",1,""
58,"714951745","A3RQBG3LOJQ4SD",2012-10-29 16:30,2012-10-29 16:36,331,454,91,"3f2jk9","",1,1,1,3,3,3,6,6,"Cavalier",3,2,2,1,2,,,2,,,,,,,,,,,,,,,,,,,,,,,,2,2,1,2,3,3,2,1,3,3,2,2,2,3,1,2,3,3,4,5,2,3,3,3,4,4,1,2,0,4,0,0,2,3,4,0,3,7,3,3,1,1,0,0,0,5,6,7,8,9,1,17,21,6,5,7,2,2,46,"98682",5,1,2,5,,"Mozilla/5.0 (Windows NT 6.1; WOW64) AppleWebKit/537.4 (KHTML, like Gecko) Chrome/22.0.1229.94 Safari/537.4","Chrome 22.0.1229.94","Windows NT 6.1","98.246.92.43",1,"We own an electric car! (Nissan Leaf) and LOVE IT."
59,"498166906","ABEPAJGVKEZCU",2012-10-26 19:51,2012-10-26 19:59,478,423,70,"3f2jk9","",1,1,1,2,2,3,2,8,"Thunderbird",2,3,2,1,5,,,5,,,,,,,,,,,,,,,,,,,,,,,,2,2,2,3,3,2,3,1,2,3,3,2,1,3,3,2,5,3,4,4,2,3,2,3,3,1,0,0,0,0,5,0,0,3,0,0,7,7,3,6,7,1,0,3,0,0,0,0,0,0,3,8,6,12,5,3,2,2,52,"68510",2,1,3,5,,"Mozilla/5.0 (Windows NT 6.1; WOW64) AppleWebKit/537.4 (KHTML, like Gecko) Chrome/22.0.1229.94 Safari/537.4","Chrome 22.0.1229.94","Windows NT 6.1","108.167.21.10",1,""
60,"687589173"," AY1SQ61A19NNT",2012-10-26 23:33,2012-10-26 23:43,588,425,72,"3f2jk9","",1,1,1,3,3,1,5,9,"Sierra 1500",2,6,6,3,,,4,,,,,,,,,,,,,,,,,4,,,,,,,,1,1,3,1,1,2,3,3,1,1,1,1,3,2,3,1,4,4,4,3,4,5,4,3,2,4,1,0,0,0,0,1,0,0,0,0,3,7,5,4,4,1,0,3,0,0,0,0,0,0,2,9,3,6,4,3,1,1,49,"72701",3,1,1,5,,"Mozilla/5.0 (iPhone; CPU iPhone OS 5_1_1 like Mac OS X) AppleWebKit/534.46 (KHTML, like Gecko) Version/5.1 Mobile/9B206 Safari/7534.48.3","Safari 7534.48.3","iPhone","67.66.232.222",1,"Some of the questions was confusing at times."
61,"136353172","AVJT5WQM1DQL3",2012-10-26 14:46,2012-10-26 14:51,306,421,68,"3f2jk9","",1,1,1,3,2,1,3,24,"Jeep Grand Cherokee",2,8,8,2,,2,,,,,,,,,,2,,,,,,,,,,,,,,,,1,3,1,2,2,1,1,3,2,1,2,3,3,2,3,3,5,4,4,3,2,4,4,3,3,4,1,2,0,0,0,1,2,3,4,0,2,2,2,7,7,1,0,0,0,0,0,0,0,0,3,3,2,15,1,9,1,2,41,"10004",5,1,1,5,,"Mozilla/5.0 (Windows NT 6.1; WOW64; rv:10.0.2) Gecko/20100101 Firefox/10.0.2","Firefox 10.0.2","Windows NT 6.1","97.65.76.189",1,"none"
62,"493544595","A1ZDPQYCRNAT2J",2012-10-28 11:04,2012-10-28 11:13,552,445,82,"3f2jk9","",1,1,1,3,2,1,3,24,"Infiniti",2,3,7,2,,2,,,,,,,,,,2,,,,,,,,,,,,,,,,2,2,3,1,3,1,3,3,3,1,3,2,2,3,2,1,5,4,5,4,1,3,1,1,5,5,1,2,0,0,0,1,2,3,4,0,3,1,3,6,1,1,0,0,0,0,0,0,0,0,1,17,15,3,5,10,1,2,27,"37128",5,1,3,5,,"Mozilla/5.0 (compatible; MSIE 9.0; Windows NT 6.0; Trident/5.0)","MSIE 9.0","Windows Vista","182.18.208.5",1,""
63,"120014019","A2TMSM19YCEXLE",2012-10-27 19:01,2012-10-27 19:11,621,443,80,"3f2jk9","",1,1,1,3,2,3,4,10,"Acura",2,5,3,2,,7,,,,,,,,,,7,,,,,,,,,,,,,,,,1,1,3,2,1,1,3,2,3,2,1,1,3,3,3,3,5,5,5,,3,4,4,2,4,4,1,0,0,0,0,0,0,0,0,5,2,2,1,1,2,0,0,0,0,0,6,0,0,0,3,10,8,3,3,6,2,3,28,"80012",6,2,2,5,,"Mozilla/5.0 (Windows NT 6.1; WOW64) AppleWebKit/537.4 (KHTML, like Gecko) Chrome/22.0.1229.94 Safari/537.4","Chrome 22.0.1229.94","Windows NT 6.1","67.161.199.235",1,""
64,"926633639","A3B9XDWVYAEDXF",2012-10-27 02:26,2012-10-27 02:49,1384,427,74,"3f2jk9","",1,1,1,3,3,1,5,24,"torrent",4,4,9,2,,6,,,,,,,,,,6,,,,,,,,,,,,,,,,2,1,1,1,3,3,1,1,3,3,1,1,2,1,3,3,4,4,5,5,3,3,2,2,2,3,1,2,0,0,0,1,2,3,4,0,3,1,3,3,1,1,0,3,4,0,0,0,0,0,2,6,8,12,4,7,1,3,19,"56721",5,2,2,5,,"Mozilla/5.0 (compatible; MSIE 9.0; Windows NT 6.1; Trident/5.0; XBLWP7; ZuneWP7)","MSIE 9.0","Windows NT 6.1","166.196.40.217",1,""
65,"424234692","A3HCSD1O2I7IS",2012-10-28 15:54,2012-10-28 16:08,791,447,84,"3f2jk9","",1,1,1,3,3,1,5,21,"4-Runner 4WD",3,2,2,2,,1,,,,,,,,,,1,,,,,,,,,,,,,,,,2,3,1,3,3,2,1,1,2,1,2,1,1,1,1,3,4,4,5,5,4,5,4,2,4,4,1,0,0,0,0,0,0,0,0,0,3,1,3,3,3,0,0,0,0,0,0,0,0,0,2,21,10,15,2,11,2,3,39,"97026",6,2,2,5,,"Mozilla/4.0 (compatible; MSIE 8.0; Windows NT 6.1; WOW64; Trident/4.0; GTB7.4; SLCC2; .NET CLR 2.0.50727; .NET CLR 3.5.30729; .NET CLR 3.0.30729; Media Center PC 6.0; .NET4.0C; BRI/1; BRI/2)","MSIE 8.0","Windows NT 6.1","204.195.20.48",1,""
66,"380937576","A3TS7FYF27E59U",2012-10-29 13:46,2012-10-29 14:00,839,453,90,"3f2jk9","",1,1,1,2,3,3,2,8,"mercury mariner",3,5,4,2,,8,,,,,,,,,,8,,,,,,,,,,,,,,,,2,2,3,3,3,1,1,3,1,1,1,1,3,1,3,3,4,3,5,4,3,3,2,4,4,,1,2,0,0,0,1,2,3,0,0,2,1,2,1,1,1,0,3,0,0,0,0,0,0,3,10,8,21,4,7,1,3,33,"15236",5,2,2,5,,"Mozilla/5.0 (Windows NT 6.1; WOW64) AppleWebKit/537.4 (KHTML, like Gecko) Chrome/22.0.1229.94 Safari/537.4","Chrome 22.0.1229.94","Windows NT 6.1","184.81.242.146",1,"none."
67,"161473815","A1MCSC1TDZ2UFU",2012-10-25 23:42,2012-10-25 23:57,865,416,63,"3f2jk9","",1,1,1,3,2,1,3,6,"suburban",2,9,2,3,,,7,,,,,,,,,,,,,,,,,7,,,,,,,,2,3,3,1,2,3,3,1,2,1,3,1,2,3,3,2,5,4,5,5,5,3,2,3,3,3,1,2,0,0,0,1,2,3,0,0,4,1,2,2,2,1,0,0,0,0,0,0,0,0,3,6,8,7,3,7,1,1,27,"64505",5,1,1,5,,"Mozilla/4.0 (compatible; MSIE 8.0; Windows NT 6.1; Trident/4.0; GTB7.4; SLCC2; .NET CLR 2.0.50727; .NET CLR 3.5.30729; .NET CLR 3.0.30729; Media Center PC 6.0; .NET4.0C; .NET4.0E; HPDTDF)","MSIE 8.0","Windows NT 6.1","66.87.24.74",1,"interesting survey, thank you"
68,"123921190","A28SYUJ857UH5I",2012-10-27 13:30,2012-10-27 13:38,468,430,77,"3f2jk9","",1,1,1,3,3,1,5,10,"Accord",2,2,3,1,7,,,7,,,,,,,,,,,,,,,,,,,,,,,,2,3,1,1,1,3,3,3,1,2,3,1,1,3,2,3,5,3,5,4,1,4,4,3,3,4,1,2,0,0,0,1,2,3,4,0,3,1,2,1,1,1,0,0,0,0,0,0,0,0,3,24,1,1,5,9,1,3,33,"80206",5,3,4,5,,"Mozilla/5.0 (Macintosh; Intel Mac OS X 10_7_5) AppleWebKit/536.26.14 (KHTML, like Gecko) Version/6.0.1 Safari/536.26.14","Safari 536.26.14","Macintosh","174.16.181.94",1,""
69,"313981454","A157IGPU1ECZ5Q",2012-10-27 21:43,2012-10-27 21:52,504,444,81,"3f2jk9","",1,1,1,2,2,3,2,24,"G37",3,5,9,2,,4,,,,,,,,,,4,,,,,,,,,,,,,,,,2,3,1,3,1,2,2,1,1,1,1,1,1,3,1,3,4,2,4,5,1,4,4,1,5,5,1,2,0,0,0,1,2,3,4,0,1,1,3,2,1,0,0,3,0,0,0,0,0,0,3,23,2,3,1,11,1,2,42,"10312",5,1,2,5,,"Mozilla/5.0 (Macintosh; Intel Mac OS X 10_5_8) AppleWebKit/534.50.2 (KHTML, like Gecko) Version/5.0.6 Safari/533.22.3","Safari 533.22.3","Macintosh","173.56.48.218",1,""
70,"317965768","AZZCVWF0H0O5Q",2012-10-25 21:38,2012-10-25 21:47,546,410,57,"3f2jk9","",1,1,1,2,2,3,2,6,"suburban",3,2,4,3,,,3,,,,,,,,,,,,,,,,,3,,,,,,,,2,3,3,2,3,1,1,2,3,2,2,2,2,2,1,1,4,4,4,4,2,2,2,2,5,5,1,2,0,0,0,1,2,3,4,0,4,7,3,3,7,1,0,0,0,0,0,0,0,0,3,21,6,7,5,10,2,7,34,"93306",4,5,2,5,,"Mozilla/4.0 (compatible; MSIE 8.0; Windows NT 5.1; Trident/4.0; GTB7.4; .NET CLR 2.0.50727; .NET CLR 3.0.4506.2152; .NET CLR 3.5.30729; BOIE8;ENUS)","MSIE 8.0","Windows XP","99.113.10.86",1,""
71,"","",2012-10-25 23:25,2012-10-25 23:26,91,414,,"3f2jk9","",1,1,1,3,4,1,-1,,"",,,,,,,,,,,,,,,,,,,,,,,,,,,,,,,,,,,,,,,,,,,,,,,,,,,,,,,,,,,,,,,,,,,,,,,,,,,,,,,,,,,,,,,,,,,"",,,,4,,"Mozilla/5.0 (Windows NT 6.0; WOW64; rv:16.0) Gecko/20100101 Firefox/16.0","Firefox 16.0","Windows Vista","173.78.52.137",1,""
72,"320133179","A29QQRC3SWZGTH",2012-11-1 11:56,2012-11-1 12:05,552,459,96,"3f2jk9","",1,1,1,2,4,1,1,11,"Tuscon",3,9,6,1,5,,,5,,,,,,,,,,,,,,,,,,,,,,,,2,2,1,1,1,1,1,2,1,1,2,2,1,1,3,3,5,5,5,5,2,4,4,3,3,3,1,0,0,0,0,1,0,0,0,0,3,7,3,7,7,1,0,0,0,0,0,0,0,0,2,11,10,6,2,10,2,3,36,"15122",5,2,2,5,,"Mozilla/5.0 (compatible; MSIE 9.0; Windows NT 6.1; WOW64; Trident/5.0)","MSIE 9.0","Windows NT 6.1","108.17.75.35",1,""
73,"829876613","A5Y5D3XPOQCR6",2012-10-28 23:32,2012-10-28 23:41,562,450,87,"3f2jk9","",1,1,1,3,2,1,3,8,"explorer",3,6,10,2,,1,,,,,,,,,,1,,,,,,,,,,,,,,,,1,1,2,1,2,1,1,1,2,2,1,1,2,2,2,2,4,5,5,5,2,3,4,3,4,3,1,0,0,0,0,0,2,3,0,0,4,1,3,3,1,1,0,3,0,0,0,0,0,0,2,8,6,9,1,10,1,2,38,"79410",5,2,1,5,,"Mozilla/5.0 (compatible; MSIE 9.0; Windows NT 6.1; Trident/5.0)","MSIE 9.0","Windows NT 6.1","75.110.183.243",1,"awesome survey thank you"
74,"821083747","A152E5TMADTO34",2012-11-1 09:37,2012-11-1 09:51,865,458,95,"3f2jk9","",1,1,1,2,3,1,1,10,"Insight",3,3,7,2,,5,,,,,,,,,,5,,,,,,,,,,,,,,,,2,1,2,2,2,2,1,1,2,3,3,2,3,3,3,1,4,5,5,5,4,3,2,3,4,4,1,2,0,0,0,1,2,3,4,0,2,1,2,4,1,1,0,3,0,0,0,0,0,0,2,19,10,24,1,9,2,5,39,"17408",3,4,2,5,,"Mozilla/5.0 (Macintosh; Intel Mac OS X 10_5_8) AppleWebKit/537.1 (KHTML, like Gecko) Chrome/21.0.1180.90 Safari/537.1","Chrome 21.0.1180.90","Macintosh","173.245.64.191",1,""
75,"846522307","A1N7LUWDVHZ72I",2012-10-29 21:12,2012-10-29 21:32,1192,455,92,"3f2jk9","",1,1,1,2,3,3,2,11,"santa fe",3,3,9,1,3,,,3,,,,,,,,,,,,,,,,,,,,,,,,2,3,1,2,1,3,2,2,2,1,1,3,1,1,3,1,5,3,5,5,4,5,4,3,4,4,0,0,0,0,5,0,0,0,0,5,3,1,5,3,1,1,0,0,0,0,0,0,0,0,3,10,11,21,5,7,2,2,36,"24019",3,1,2,5,,"Mozilla/5.0 (Windows NT 5.1; rv:16.0) Gecko/20100101 Firefox/16.0","Firefox 16.0","Windows XP","98.185.27.37",1,"thank you"
76,"121433450","ADGQ9NRM0VJWA",2012-10-26 20:40,2012-10-26 20:51,643,424,71,"3f2jk9","",1,1,1,3,2,1,3,1,"",3,10,10,3,,,8,,,,,,,,,,,,,,,,,8,,,,,,,,3,2,1,2,3,2,3,1,3,2,3,3,3,1,2,3,4,5,5,5,3,3,3,3,5,3,1,2,0,0,0,0,0,3,0,0,4,7,4,7,7,0,0,3,0,0,0,0,0,0,3,10,8,17,3,12,2,5,52,"28454",3,1,1,5,,"Mozilla/5.0 (Windows NT 6.1; WOW64) AppleWebKit/537.4 (KHTML, like Gecko) Chrome/22.0.1229.94 Safari/537.4","Chrome 22.0.1229.94","Windows NT 6.1","71.48.21.250",1,""
77,"505313256","A3FCAPBJXW0ZAA",2012-10-25 22:37,2012-10-25 22:55,1095,411,58,"3f2jk9","",1,1,1,3,3,1,5,10,"CRV",2,3,4,1,2,,,2,,,,,,,,,,,,,,,,,,,,,,,,2,1,2,2,2,2,1,1,3,2,2,1,2,1,3,2,5,4,5,4,3,5,4,3,4,4,1,0,0,0,0,1,2,3,4,0,2,3,2,2,1,1,0,3,0,0,0,0,0,0,3,10,21,14,3,2,2,2,32,"84414",3,2,4,5,,"Mozilla/5.0 (Windows NT 6.1; WOW64; rv:16.0) Gecko/20100101 Firefox/16.0","Firefox 16.0","Windows NT 6.1","67.2.98.179",1,""
78,"348674292","A1TNOYRQG5VT7D",2012-10-27 16:11,2012-10-27 16:31,1259,431,78,"3f2jk9","",1,1,1,2,2,1,1,16,"Eclipse",4,7,9,2,,8,,,,,,,,,,8,,,,,,,,,,,,,,,,2,2,3,2,3,1,1,2,3,3,3,3,1,1,1,1,5,5,5,5,4,3,4,2,3,3,1,2,0,0,0,1,2,3,0,0,3,6,6,1,4,1,0,3,0,5,0,0,0,0,2,15,16,9,4,4,1,6,47,"72634",3,2,3,5,,"Mozilla/5.0 (Windows NT 5.1) AppleWebKit/537.4 (KHTML, like Gecko) Chrome/22.0.1229.94 Safari/537.4","Chrome 22.0.1229.94","Windows XP) AppleWebKit/537.4 (KHTML, like Gecko","70.129.187.188",1,""
79,"","",2012-10-26 04:59,2012-10-26 05:04,287,418,,"3f2jk9","",1,1,1,3,3,2,-1,,"",,,,,,,,,,,,,,,,,,,,,,,,,,,,,,,,,,,,,,,,,,,,,,,,,,,,,,,,,,,,,,,,,,,,,,,,,,,,,,,,,,,,,,,,,,,"",,,,4,,"Mozilla/5.0 (Windows NT 5.1) AppleWebKit/537.4 (KHTML, like Gecko) Chrome/22.0.1229.94 Safari/537.4","Chrome 22.0.1229.94","Windows XP) AppleWebKit/537.4 (KHTML, like Gecko","50.73.251.17",1,""
80,"334611462","A140WG64SM4I6I",2012-10-25 23:27,2012-10-25 23:38,664,415,62,"3f2jk9","",1,1,1,3,3,1,5,8,"F150",2,5,5,3,,,8,,,,,,,,,,,,,,,,,8,,,,,,,,2,1,1,2,1,3,2,1,2,2,2,1,2,1,3,2,3,5,5,5,5,5,5,2,2,1,1,0,0,0,0,1,0,0,0,0,4,7,6,6,7,1,0,0,0,0,0,0,0,0,1,8,6,9,2,4,1,1,48,"34210",4,1,1,5,,"Mozilla/5.0 (Windows NT 6.0; WOW64; rv:16.0) Gecko/20100101 Firefox/16.0","Firefox 16.0","Windows Vista","173.78.52.137",1,""
81,"485633482","A32B7UIG2JNIJV",2012-10-30 16:32,2012-10-30 16:43,621,456,93,"3f2jk9","",1,1,1,3,2,1,3,6,"Malibu",2,2,4,1,7,,,7,,,,,,,,,,,,,,,,,,,,,,,,2,2,1,3,1,3,1,2,1,2,3,3,2,3,2,3,5,4,5,4,2,5,5,2,4,4,1,2,0,0,0,1,2,3,4,0,3,1,3,1,3,1,0,0,0,0,0,0,0,0,1,7,9,8,1,11,1,2,37,"92019",2,1,3,5,,"Mozilla/5.0 (Windows NT 6.1; WOW64) AppleWebKit/537.11 (KHTML, like Gecko) Chrome/23.0.1271.52 Safari/537.11","Chrome 23.0.1271.52","Windows NT 6.1","72.192.173.159",1,""
82,"510754125","A1DQ6BA4442W09",2012-10-29 02:40,2012-10-29 02:49,556,451,88,"3f2jk9","",1,1,1,3,2,3,4,17,"Altima",3,9,9,1,5,,,5,,,,,,,,,,,,,,,,,,,,,,,,2,3,3,2,2,3,3,1,1,3,1,2,2,1,2,1,5,4,4,4,3,3,2,2,2,2,1,2,0,0,0,1,2,3,0,0,3,1,5,3,1,1,0,3,0,0,0,0,0,0,3,17,21,19,4,8,1,3,43,"78664",4,2,3,5,,"Mozilla/5.0 (Windows NT 6.1; WOW64) AppleWebKit/537.4 (KHTML, like Gecko) Chrome/22.0.1229.94 Safari/537.4","Chrome 22.0.1229.94","Windows NT 6.1","72.182.93.36",1,""
83,"792306258","A3H02WKGNCFPUA",2012-10-25 22:56,2012-10-25 23:10,860,412,59,"3f2jk9","",1,1,1,3,3,1,5,10,"CRV",2,7,7,1,4,,,4,,,,,,,,,,,,,,,,,,,,,,,,2,3,3,3,3,1,3,1,2,3,3,3,1,3,3,2,5,5,5,5,1,4,2,2,2,3,1,0,0,0,0,1,0,0,0,0,1,1,5,3,1,0,0,3,0,0,0,0,0,0,3,10,21,1,4,2,2,2,33,"83401",5,2,4,5,,"Mozilla/5.0 (compatible; MSIE 9.0; Windows NT 6.0; WOW64; Trident/5.0; FunWebProducts; yie9)","MSIE 9.0","Windows Vista","174.126.61.129",1,""
84,"832059747","A3CQTXKK49U7JE",2012-10-27 18:57,2012-10-27 19:08,661,442,79,"3f2jk9","",1,1,1,2,4,1,1,17,"Murano",2,3,2,1,6,,,6,,,,,,,,,,,,,,,,,,,,,,,,2,2,1,1,2,3,2,1,3,2,3,3,2,1,1,2,5,5,4,4,1,5,4,3,4,4,1,0,0,0,0,1,2,3,4,0,2,1,4,1,6,0,0,0,0,0,0,0,0,0,2,22,17,21,4,5,2,2,44,"64037",3,2,1,5,,"Mozilla/5.0 (Windows NT 6.1) AppleWebKit/537.4 (KHTML, like Gecko) Chrome/22.0.1229.94 Safari/537.4","Chrome 22.0.1229.94","Windows NT 6.1) AppleWebKit/537.4 (KHTML, like Gecko","69.27.195.166",1,""
85,"245310909","A1NCADLRY1LJR0",2012-10-29 13:07,2012-10-29 13:20,735,452,89,"3f2jk9","",1,1,1,3,3,1,5,6,"silverado",2,7,5,1,4,,,4,,,,,,,,,,,,,,,,,,,,,,,,2,3,2,2,3,2,3,1,2,2,1,2,2,2,1,3,4,4,5,4,3,4,4,3,4,4,0,2,0,0,0,1,0,0,0,0,2,3,4,2,7,1,0,0,0,5,0,7,0,0,3,6,21,11,3,6,1,2,37,"75501",4,2,2,5,,"Mozilla/5.0 (compatible; MSIE 9.0; Windows NT 6.1; Trident/5.0)","MSIE 9.0","Windows NT 6.1","67.61.125.172",1,"Thank you for survey thought it was intresting to see different choices"
86,"670943479","A002544014QZD5R95DO75",2012-10-26 12:45,2012-10-26 12:57,711,420,67,"3f2jk9","",1,1,1,3,2,3,4,14,"B2500",3,4,9,3,,,2,,,,,,,,,,,,,,,,,2,,,,,,,,2,2,1,2,2,2,3,3,1,2,1,2,3,1,2,2,5,4,5,5,4,4,3,3,5,5,1,2,0,0,0,1,2,3,4,0,2,1,3,4,1,1,0,0,0,0,0,0,0,0,2,8,6,10,3,10,,2,44,"28379",5,1,2,5,,"Mozilla/5.0 (Windows NT 5.1; rv:14.0) Gecko/20100101 Firefox/14.0.1","Firefox 14.0.1","Windows XP","152.26.230.50",1,"I am a car guy, so I found this to be an awesome survey.  One of my deciding factors was manufacturing county, so I maybe would add a question about that decision."
87,"","",2012-9-25 21:37,2012-9-25 21:37,0,390,,"3f2jk9","",,,,,,,,,"",,,,,,,,,,,,,,,,,,,,,,,,,,,,,,,,,,,,,,,,,,,,,,,,,,,,,,,,,,,,,,,,,,,,,,,,,,,,,,,,,,,,,,,,,,,"",,,,2,,"Mozilla/5.0 (Windows NT 6.1) AppleWebKit/537.1 (KHTML, like Gecko) Chrome/21.0.1180.89 Safari/537.1","Chrome 21.0.1180.89","Windows NT 6.1) AppleWebKit/537.1 (KHTML, like Gecko","24.151.197.235",1,""
88,"","",2012-10-6 22:45,2012-10-6 22:48,175,408,55,"3f2jk9","",1,1,1,2,2,1,1,10,"",3,5,9,2,,3,,,,,,,,,,3,,,,,,,,,,,,,,,,2,2,1,3,3,1,3,,,,,,,,,,,,,,,,,,,,,,,,,,,,,,,,,,,,,,,,,,,,,,,,,,,,,"",,,,2,,"Mozilla/5.0 (Macintosh; Intel Mac OS X 10_6_8) AppleWebKit/537.4 (KHTML, like Gecko) Chrome/22.0.1229.79 Safari/537.4","Chrome 22.0.1229.79","Macintosh","67.253.177.231",1,""
89,"","",2012-10-25 21:22,2012-10-25 21:22,0,409,,"3f2jk9","",,,,,,,,,"",,,,,,,,,,,,,,,,,,,,,,,,,,,,,,,,,,,,,,,,,,,,,,,,,,,,,,,,,,,,,,,,,,,,,,,,,,,,,,,,,,,,,,,,,,,"",,,,2,,"Mozilla/5.0 (Macintosh; Intel Mac OS X 10_6_8) AppleWebKit/537.4 (KHTML, like Gecko) Chrome/22.0.1229.94 Safari/537.4","Chrome 22.0.1229.94","Macintosh","71.199.96.220",1,""
90,"","A2YO685DRXOEOH",2012-9-26 07:59,2012-9-26 08:09,631,392,49,"3f2jk9","",1,1,1,3,2,1,3,21,"FJ Cruiser",2,2,9,2,,7,,,,,,,,,,7,,,,,,,,,,,,,,,,2,2,1,2,3,2,1,2,1,3,2,1,3,2,1,3,4,5,5,5,4,5,4,5,4,4,1,0,0,0,0,0,0,3,4,0,4,5,5,1,3,1,0,3,0,0,0,7,0,0,3,9,6,8,5,2,1,5,49,"91722",5,1,1,2,,"Mozilla/5.0 (Macintosh; Intel Mac OS X 10_7_3) AppleWebKit/534.53.11 (KHTML, like Gecko) Version/5.1.3 Safari/534.53.10","Safari 534.53.10","Macintosh","75.83.16.58",1,"It was fun"
91,"","",2012-9-17 19:02,2012-9-17 19:02,0,17,,"3f2jk9","",,,,,,,,,"",,,,,,,,,,,,,,,,,,,,,,,,,,,,,,,,,,,,,,,,,,,,,,,,,,,,,,,,,,,,,,,,,,,,,,,,,,,,,,,,,,,,,,,,,,,"",,,,2,,"Mozilla/4.0 (compatible; MSIE 7.0; Windows NT 5.1; InfoPath.1; .NET CLR 2.0.50727; .NET CLR 1.1.4322; MS-RTC LM 8; .NET CLR 3.0.4506.2152; .NET CLR 3.5.30729)","MSIE 7.0","Windows XP","8.28.16.254",1,""
92,"","AST33WVZ5QC05",2012-9-19 23:23,2012-9-19 23:39,945,376,33,"3f2jk9","",1,1,1,3,2,1,3,21,"Avalon",3,2,1,2,,8,,,,,,,,,,8,,,,,,,,,,,,,,,,2,3,2,1,2,1,1,2,1,1,1,2,1,2,1,2,4,3,5,5,3,4,4,2,4,4,1,0,0,0,0,1,2,3,0,0,3,1,5,3,7,1,0,0,0,0,0,0,0,0,3,8,10,23,4,4,2,4,34,"20147",4,4,4,2,,"Mozilla/5.0 (Windows NT 6.1; WOW64; rv:15.0) Gecko/20100101 Firefox/15.0.1","Firefox 15.0.1","Windows NT 6.1","71.171.90.24",1,""
93,"","",2012-9-17 20:47,2012-9-17 20:47,15,19,,"3f2jk9","",1,1,1,2,3,1,1,,"",,,,,,,,,,,,,,,,,,,,,,,,,,,,,,,,,,,,,,,,,,,,,,,,,,,,,,,,,,,,,,,,,,,,,,,,,,,,,,,,,,,,,,,,,,,"",,,,2,,"Mozilla/5.0 (Windows NT 6.1; WOW64) AppleWebKit/537.1 (KHTML, like Gecko) Chrome/21.0.1180.89 Safari/537.1","Chrome 21.0.1180.89","Windows NT 6.1","75.74.198.200",1,""
94,"","",2012-9-18 02:22,2012-9-18 02:22,0,23,,"3f2jk9","",,,,,,,,,"",,,,,,,,,,,,,,,,,,,,,,,,,,,,,,,,,,,,,,,,,,,,,,,,,,,,,,,,,,,,,,,,,,,,,,,,,,,,,,,,,,,,,,,,,,,"",,,,2,,"Mozilla/5.0 (Macintosh; Intel Mac OS X 10_7_4) AppleWebKit/537.1 (KHTML, like Gecko) Chrome/21.0.1180.82 Safari/537.1","Chrome 21.0.1180.82","Macintosh","72.182.2.156",1,""
95,"","",2012-10-26 23:48,2012-10-26 23:49,60,426,,"3f2jk9","",1,1,1,3,2,1,3,,"",,,,,,,,,,,,,,,,,,,,,,,,,,,,,,,,,,,,,,,,,,,,,,,,,,,,,,,,,,,,,,,,,,,,,,,,,,,,,,,,,,,,,,,,,,,"",,,,2,,"Mozilla/5.0 (Windows NT 6.1; WOW64) AppleWebKit/537.4 (KHTML, like Gecko) Chrome/22.0.1229.94 Safari/537.4","Chrome 22.0.1229.94","Windows NT 6.1","142.197.75.8",1,""
