RespNum,sys_StartTime,sys_EndTime,sys_ElapsedTime,sys_InternalRespNum,sys_CBCVersion_CBC,mtwid,consent1_1,consent2_1,consent3_1,pastbuyer,futurebuyer,primarybuyer,quota,CarMake,CarModel,VehicleOwnership,dailyvmt,annualvmt,carsizeselect,carimagesmall,carimagemid,carimagelarge,Topcarsmall_1,Topcarsmall_2,Topcarsmall_3,Topcarsmall_4,Topcarsmall_5,Topcarsmall_6,Topcarsmall_7,Topcarsmall_8,Topcarmid_1,Topcarmid_2,Topcarmid_3,Topcarmid_4,Topcarmid_5,Topcarmid_6,Topcarmid_7,Topcarmid_8,Topcarlarge_1,Topcarlarge_2,Topcarlarge_3,Topcarlarge_4,Topcarlarge_5,Topcarlarge_6,Topcarlarge_7,Topcarlarge_8,CBCFIX1,CBCRAN1,CBCRAN2,CBCRAN3,CBCRAN4,CBCRAN5,CBCRAN6,CBCRAN7,CBCRAN8,CBCRAN9,CBCRAN10,CBCRAN11,CBCRAN12,CBCRAN13,CBCRAN14,CBCRAN15,productuseratings_r1,productuseratings_r2,productuseratings_r3,productuseratings_r4,productuseratings_r5,productuseratings_r6,EnvLifeRatings_r1,EnvLifeRatings_r2,EnvLifeRatings_r3,EnvLifeRatings_r4,DrivingTypeExper_1,DrivingTypeExper_2,DrivingTypeExper_3,DrivingTypeExper_4,DrivingTypeExper_5,consideration_1,consideration_2,consideration_3,consideration_4,consideration_5,parkingHomeGarage,parkingHomeStructure,parkingHomeDriveway,parkingHomeStreet,parkingHomeOther,slowchargingaccess_1,slowchargingaccess_2,slowchargingaccess_3,slowchargingaccess_4,slowchargingaccess_5,slowchargingaccess_6,slowchargingaccess_7,slowchargingaccess_8,slowchargingaccess_9,fastchargingaccess,brandrank1,brankrank2,brandrank3,maintenance,income,sex,householdsize,YOB,zipcode,education,children,marriage,sys_RespStatus,sys_DispositionCode,sys_UserAgent,sys_Browser,sys_OperatingSystem,sys_IPAddress,sys_UserJavaScript,comments,enthusiast,SUVbuyer
1,2/15/13 23:47,2/15/13 23:58,699,491867,620,NA,1,1,1,3,3,1,5,11,Civic EX coupe,4,5,6,1,8,NA,NA,8,NA,NA,NA,NA,NA,NA,NA,NA,NA,NA,NA,NA,NA,NA,NA,NA,NA,NA,NA,NA,NA,NA,NA,3,1,1,2,1,2,3,3,2,1,1,1,3,2,3,1,4,2,4,5,1,5,5,1,2,3,1,2,0,0,0,1,0,0,0,0,3,7,6,4,6,1,0,0,0,0,0,0,0,0,3,4,3,14,5,12,1,3,45,43952,6,1,1,5,NA,Mozilla/4.0 (compatible; MSIE 8.0; Windows NT 6.1; WOW64; Trident/4.0; SLCC2; .NET CLR 2.0.50727; .NET CLR 3.5.30729; .NET CLR 3.0.30729; Media Center PC 6.0; .NET4.0C),MSIE 8.0,Windows NT 6.1,127.0.0.1,1,"It was not as visually exciting as I had hoped, but it's an effective way to gather information.",1,0
2,2/15/13 22:54,2/15/13 23:08,835,1242370,227,NA,1,1,1,3,3,1,5,22,4runner,2,8,6,2,NA,2,NA,NA,NA,NA,NA,NA,NA,NA,NA,2,NA,NA,NA,NA,NA,NA,NA,NA,NA,NA,NA,NA,NA,NA,NA,3,1,3,1,1,2,1,2,1,3,2,2,2,1,2,3,4,4,5,4,3,4,4,3,4,3,1,0,0,0,0,1,2,3,0,0,2,7,4,2,2,1,0,3,0,0,0,0,0,0,3,22,18,12,3,11,1,1,14,15239,6,1,1,5,NA,Mozilla/4.0 (compatible; MSIE 8.0; Windows NT 6.1; WOW64; Trident/4.0; SLCC2; .NET CLR 2.0.50727; .NET CLR 3.5.30729; .NET CLR 3.0.30729; Media Center PC 6.0; .NET4.0C),MSIE 8.0,Windows NT 6.1,127.0.0.1,1,NA,1,0
3,2/16/13 20:08,2/16/13 20:20,735,636107,705,NA,1,1,1,2,3,3,2,20,Legacy Outback Sedan,4,9,2,2,NA,5,NA,NA,NA,NA,NA,NA,NA,NA,NA,5,NA,NA,NA,NA,NA,NA,NA,NA,NA,NA,NA,NA,NA,NA,NA,3,3,3,2,3,3,1,3,3,2,1,3,3,2,2,1,4,4,5,NA,4,5,4,3,3,3,1,0,0,0,0,1,2,0,0,0,3,1,3,1,1,1,0,0,0,0,0,0,0,0,2,20,16,12,4,9,2,2,13,NA,3,1,3,5,NA,Mozilla/4.0 (compatible; MSIE 8.0; Windows NT 6.1; WOW64; Trident/4.0; SLCC2; .NET CLR 2.0.50727; .NET CLR 3.5.30729; .NET CLR 3.0.30729; Media Center PC 6.0; .NET4.0C),MSIE 8.0,Windows NT 6.1,127.0.0.1,1,NA,1,0
4,2/16/13 19:49,2/16/13 20:06,1042,825946,626,NA,1,1,1,3,3,3,6,7,Cavalier,3,7,3,1,7,NA,NA,7,NA,NA,NA,NA,NA,NA,NA,NA,NA,NA,NA,NA,NA,NA,NA,NA,NA,NA,NA,NA,NA,NA,NA,2,2,2,2,2,1,3,3,3,1,3,1,3,3,2,3,5,2,5,4,1,3,3,3,5,4,1,2,0,0,0,1,2,3,4,0,1,1,2,2,1,0,0,3,0,0,0,0,0,0,3,11,22,1,4,3,2,2,48,15217,5,1,1,5,NA,Mozilla/4.0 (compatible; MSIE 8.0; Windows NT 6.1; WOW64; Trident/4.0; SLCC2; .NET CLR 2.0.50727; .NET CLR 3.5.30729; .NET CLR 3.0.30729; Media Center PC 6.0; .NET4.0C),MSIE 8.0,Windows NT 6.1,127.0.0.1,1,NA,2,0
5,2/16/13 15:51,2/16/13 16:08,1045,1024502,279,NA,1,1,1,3,3,1,5,11,accord,4,4,5,2,NA,3,NA,NA,NA,NA,NA,NA,NA,NA,NA,3,NA,NA,NA,NA,NA,NA,NA,NA,NA,NA,NA,NA,NA,NA,NA,3,1,2,2,1,2,3,3,3,1,1,3,1,2,2,3,4,4,5,5,2,4,2,4,4,4,1,2,0,4,0,0,2,3,4,0,3,1,3,1,1,1,0,0,0,0,0,0,0,0,1,11,4,24,1,11,1,3,16,15108,6,2,2,5,NA,Mozilla/4.0 (compatible; MSIE 8.0; Windows NT 6.1; WOW64; Trident/4.0; SLCC2; .NET CLR 2.0.50727; .NET CLR 3.5.30729; .NET CLR 3.0.30729; Media Center PC 6.0; .NET4.0C),MSIE 8.0,Windows NT 6.1,127.0.0.1,1,interesting survey; good luck,2,0
6,2/16/13 16:53,2/16/13 17:04,669,1087086,502,NA,1,1,1,3,3,3,6,22,matrix,3,2,3,1,7,NA,NA,7,NA,NA,NA,NA,NA,NA,NA,NA,NA,NA,NA,NA,NA,NA,NA,NA,NA,NA,NA,NA,NA,NA,NA,2,2,1,1,1,1,2,2,1,3,1,2,2,1,2,2,5,4,5,4,1,4,2,3,4,4,1,2,0,0,0,1,2,0,4,0,3,1,1,3,1,1,0,0,0,0,0,0,0,0,3,11,22,7,4,9,2,3,22,15218,6,2,2,5,NA,Mozilla/4.0 (compatible; MSIE 8.0; Windows NT 6.1; WOW64; Trident/4.0; SLCC2; .NET CLR 2.0.50727; .NET CLR 3.5.30729; .NET CLR 3.0.30729; Media Center PC 6.0; .NET4.0C),MSIE 8.0,Windows NT 6.1,127.0.0.1,1,Cost is the biggest issue when making a purchase. I don't like to take on additional monthly payments if possible.,2,0
7,2/16/13 19:17,2/16/13 19:31,805,1133927,231,NA,1,1,1,3,2,3,4,22,corolla s,4,5,2,1,4,NA,NA,4,NA,NA,NA,NA,NA,NA,NA,NA,NA,NA,NA,NA,NA,NA,NA,NA,NA,NA,NA,NA,NA,NA,NA,2,1,3,2,1,2,3,2,3,3,1,1,2,2,2,1,4,3,5,5,3,4,3,3,3,2,0,0,0,0,5,0,0,3,4,0,2,7,3,3,6,1,0,3,0,0,0,0,0,0,3,7,9,4,2,11,2,2,42,15226,4,1,3,5,NA,Mozilla/4.0 (compatible; MSIE 8.0; Windows NT 6.1; WOW64; Trident/4.0; SLCC2; .NET CLR 2.0.50727; .NET CLR 3.5.30729; .NET CLR 3.0.30729; Media Center PC 6.0; .NET4.0C),MSIE 8.0,Windows NT 6.1,127.0.0.1,1,NA,3,0
8,2/16/13 19:34,2/16/13 19:48,846,1191898,655,NA,1,1,1,3,2,3,4,3,TT,3,4,3,2,NA,2,NA,NA,NA,NA,NA,NA,NA,NA,NA,2,NA,NA,NA,NA,NA,NA,NA,NA,NA,NA,NA,NA,NA,NA,NA,2,1,3,1,1,3,2,3,2,3,2,1,3,3,2,2,4,2,4,2,1,5,4,1,1,2,1,0,0,0,0,1,2,3,0,0,1,1,4,1,1,0,0,3,0,0,0,0,0,0,2,3,4,20,3,8,1,2,38,26505,6,1,2,5,NA,Mozilla/4.0 (compatible; MSIE 8.0; Windows NT 6.1; WOW64; Trident/4.0; SLCC2; .NET CLR 2.0.50727; .NET CLR 3.5.30729; .NET CLR 3.0.30729; Media Center PC 6.0; .NET4.0C),MSIE 8.0,Windows NT 6.1,127.0.0.1,1,NA,1,0
9,2/16/13 22:12,2/16/13 22:22,629,1277437,785,NA,1,1,1,3,2,1,3,5,Lacrosse,3,6,9,3,NA,NA,2,NA,NA,NA,NA,NA,NA,NA,NA,NA,NA,NA,NA,NA,NA,NA,NA,2,NA,NA,NA,NA,NA,NA,NA,3,1,2,1,1,1,1,2,3,1,1,3,3,1,3,1,3,3,4,3,3,4,4,3,3,3,1,2,0,0,0,1,2,3,4,0,4,1,6,3,1,1,0,3,0,0,0,0,0,0,NA,5,9,7,5,11,1,3,33,15010,5,2,2,5,NA,Mozilla/4.0 (compatible; MSIE 8.0; Windows NT 6.1; WOW64; Trident/4.0; SLCC2; .NET CLR 2.0.50727; .NET CLR 3.5.30729; .NET CLR 3.0.30729; Media Center PC 6.0; .NET4.0C),MSIE 8.0,Windows NT 6.1,127.0.0.1,1,NA,2,0
10,2/16/13 21:13,2/16/13 21:23,605,1283423,814,NA,1,1,1,3,2,1,3,11,Accord,2,6,8,2,NA,3,NA,NA,NA,NA,NA,NA,NA,NA,NA,3,NA,NA,NA,NA,NA,NA,NA,NA,NA,NA,NA,NA,NA,NA,NA,3,2,3,2,1,2,3,1,3,1,1,1,1,3,2,2,5,3,5,4,1,4,2,3,2,2,1,0,0,0,0,1,2,3,4,0,1,3,1,1,1,0,0,0,0,0,0,0,0,0,3,11,3,4,4,9,1,1,39,NA,5,1,1,5,NA,Mozilla/4.0 (compatible; MSIE 8.0; Windows NT 6.1; WOW64; Trident/4.0; SLCC2; .NET CLR 2.0.50727; .NET CLR 3.5.30729; .NET CLR 3.0.30729; Media Center PC 6.0; .NET4.0C),MSIE 8.0,Windows NT 6.1,127.0.0.1,1,NA,2,0
11,2/16/13 16:21,2/16/13 16:35,855,1300871,42,NA,1,1,1,3,2,3,4,15,cx 9,3,8,6,2,NA,2,NA,NA,NA,NA,NA,NA,NA,NA,NA,2,NA,NA,NA,NA,NA,NA,NA,NA,NA,NA,NA,NA,NA,NA,NA,2,1,2,3,3,3,1,2,3,1,2,2,2,3,2,2,4,4,5,5,3,3,3,3,3,3,1,0,0,0,0,1,2,0,0,0,3,1,3,3,3,1,0,0,0,0,0,0,0,0,2,18,15,11,5,11,2,4,24,15135,5,3,2,5,NA,Mozilla/4.0 (compatible; MSIE 8.0; Windows NT 6.1; WOW64; Trident/4.0; SLCC2; .NET CLR 2.0.50727; .NET CLR 3.5.30729; .NET CLR 3.0.30729; Media Center PC 6.0; .NET4.0C),MSIE 8.0,Windows NT 6.1,127.0.0.1,1,NA,1,0
12,2/16/13 18:48,2/16/13 19:07,1101,1554934,107,NA,1,1,1,3,2,1,3,8,neon,3,8,6,2,NA,8,NA,NA,NA,NA,NA,NA,NA,NA,NA,8,NA,NA,NA,NA,NA,NA,NA,NA,NA,NA,NA,NA,NA,NA,NA,2,2,3,2,1,1,1,3,3,2,2,3,2,2,2,2,5,3,3,3,1,3,1,1,1,1,1,0,0,0,0,1,2,3,4,0,3,1,6,6,6,1,0,0,0,0,0,0,0,0,3,4,23,3,3,10,1,5,18,15215,6,3,2,5,NA,Mozilla/4.0 (compatible; MSIE 8.0; Windows NT 6.1; WOW64; Trident/4.0; SLCC2; .NET CLR 2.0.50727; .NET CLR 3.5.30729; .NET CLR 3.0.30729; Media Center PC 6.0; .NET4.0C),MSIE 8.0,Windows NT 6.1,127.0.0.1,1,"Build that which solves the real problem, don't be swayed by popular ""causes"".",1,0
13,2/17/13 19:46,2/17/13 19:56,598,737989,267,NA,1,1,1,2,3,1,1,11,Accord,2,7,6,2,NA,3,NA,NA,NA,NA,NA,NA,NA,NA,NA,3,NA,NA,NA,NA,NA,NA,NA,NA,NA,NA,NA,NA,NA,NA,NA,2,2,3,1,2,1,3,1,2,3,1,2,1,2,2,1,4,5,5,4,1,5,4,2,3,3,1,0,0,0,0,1,0,0,0,0,3,6,3,6,6,1,0,3,0,0,0,0,0,0,1,3,4,16,5,11,2,3,36,15090,5,2,1,5,NA,Mozilla/4.0 (compatible; MSIE 8.0; Windows NT 6.1; WOW64; Trident/4.0; SLCC2; .NET CLR 2.0.50727; .NET CLR 3.5.30729; .NET CLR 3.0.30729; Media Center PC 6.0; .NET4.0C),MSIE 8.0,Windows NT 6.1,127.0.0.1,1,NA,2,0
14,2/17/13 20:14,2/17/13 20:28,815,816177,642,NA,1,1,1,3,2,1,3,17,Eclipse Spyder,3,9,9,2,NA,5,NA,NA,NA,NA,NA,NA,NA,NA,NA,5,NA,NA,NA,NA,NA,NA,NA,NA,NA,NA,NA,NA,NA,NA,NA,2,2,3,2,3,2,2,2,1,2,1,3,3,3,1,3,5,4,5,4,1,4,4,3,5,4,1,2,0,0,0,1,2,3,4,0,2,1,2,3,3,1,0,0,0,0,0,0,0,0,3,11,22,9,4,9,1,2,45,15226,6,1,1,5,NA,Mozilla/4.0 (compatible; MSIE 8.0; Windows NT 6.1; WOW64; Trident/4.0; SLCC2; .NET CLR 2.0.50727; .NET CLR 3.5.30729; .NET CLR 3.0.30729; Media Center PC 6.0; .NET4.0C),MSIE 8.0,Windows NT 6.1,127.0.0.1,1,NA,1,0
15,2/17/13 19:26,2/17/13 19:45,1111,1058493,321,NA,1,1,1,3,3,1,5,12,Santa Fe,3,7,8,3,NA,NA,8,NA,NA,NA,NA,NA,NA,NA,NA,NA,NA,NA,NA,NA,NA,NA,NA,8,NA,NA,NA,NA,NA,NA,NA,2,1,3,1,2,3,3,3,2,2,2,2,3,2,1,1,5,5,5,5,4,5,5,4,5,5,1,2,0,0,0,1,2,3,4,0,3,1,6,1,1,1,0,0,0,0,0,7,0,0,2,23,12,9,3,8,1,1,30,26547,5,1,1,5,NA,Mozilla/4.0 (compatible; MSIE 8.0; Windows NT 6.1; WOW64; Trident/4.0; SLCC2; .NET CLR 2.0.50727; .NET CLR 3.5.30729; .NET CLR 3.0.30729; Media Center PC 6.0; .NET4.0C),MSIE 8.0,Windows NT 6.1,127.0.0.1,1,Good luck with the study,1,0
16,2/17/13 20:01,2/17/13 20:12,674,1255096,829,NA,1,1,1,2,2,3,2,4,536xi,3,8,9,2,NA,8,NA,NA,NA,NA,NA,NA,NA,NA,NA,8,NA,NA,NA,NA,NA,NA,NA,NA,NA,NA,NA,NA,NA,NA,NA,1,1,2,1,2,3,3,2,2,3,2,2,1,3,2,3,3,3,5,5,1,3,3,4,2,2,1,2,0,0,0,1,2,3,4,0,3,2,3,7,1,1,0,3,0,0,6,0,0,0,1,4,22,20,2,11,1,4,21,15237,7,3,2,5,NA,Mozilla/4.0 (compatible; MSIE 8.0; Windows NT 6.1; WOW64; Trident/4.0; SLCC2; .NET CLR 2.0.50727; .NET CLR 3.5.30729; .NET CLR 3.0.30729; Media Center PC 6.0; .NET4.0C),MSIE 8.0,Windows NT 6.1,127.0.0.1,1,NA,1,0
17,2/15/13 22:40,2/15/13 22:50,596,544155,239,NA,1,1,1,2,4,1,1,25,dodge dart,2,9,9,2,NA,7,NA,NA,NA,NA,NA,NA,NA,NA,NA,7,NA,NA,NA,NA,NA,NA,NA,NA,NA,NA,NA,NA,NA,NA,NA,2,2,3,2,1,1,2,1,2,3,2,2,1,3,2,1,5,3,5,4,1,5,4,3,5,5,1,2,0,0,0,1,2,3,4,0,2,6,3,4,4,0,0,0,0,0,6,0,0,0,2,16,3,9,2,7,1,1,37,281,NA,NA,NA,5,NA,Mozilla/5.0 (Windows NT 6.1; WOW64; rv:12.0) Gecko/20100101 Firefox/12.0,Firefox 12.0,Windows NT 6.1,127.0.0.1,1,NA,NA,0
18,2/16/13 16:18,2/16/13 16:32,856,498503,110,NA,1,1,1,2,3,3,2,22,siennna,4,8,7,2,NA,8,NA,NA,NA,NA,NA,NA,NA,NA,NA,8,NA,NA,NA,NA,NA,NA,NA,NA,NA,NA,NA,NA,NA,NA,NA,2,3,1,3,1,3,2,3,1,1,3,3,2,1,2,3,5,4,4,5,3,3,2,2,2,3,1,0,0,0,0,1,0,3,0,0,1,1,5,1,1,0,0,0,0,5,6,0,0,0,3,9,18,5,1,11,2,4,19,37086,6,4,2,5,NA,Mozilla/5.0 (Windows NT 6.1; WOW64; rv:12.0) Gecko/20100101 Firefox/12.0,Firefox 12.0,Windows NT 6.1,127.0.0.1,1,NA,2,0
19,2/16/13 21:43,2/16/13 21:53,595,683635,671,NA,1,1,1,2,4,1,1,15,3,NA,9,9,1,5,NA,NA,5,NA,NA,NA,NA,NA,NA,NA,NA,NA,NA,NA,NA,NA,NA,NA,NA,NA,NA,NA,NA,NA,NA,NA,2,2,3,1,1,2,1,2,2,3,2,3,3,1,2,1,4,4,5,3,1,4,3,1,4,3,1,2,0,0,0,1,2,3,0,0,2,1,4,6,6,1,0,0,0,0,0,0,0,0,3,11,15,4,3,8,1,3,47,15217,5,1,1,5,NA,Mozilla/5.0 (Windows NT 6.1; WOW64; rv:12.0) Gecko/20100101 Firefox/12.0,Firefox 12.0,Windows NT 6.1,127.0.0.1,1,NA,1,0
20,2/16/13 19:44,2/16/13 20:02,1132,694571,493,NA,1,1,1,3,3,3,6,2,integra Type-R,4,11,11,2,NA,6,NA,NA,NA,NA,NA,NA,NA,NA,NA,6,NA,NA,NA,NA,NA,NA,NA,NA,NA,NA,NA,NA,NA,NA,NA,2,3,3,1,2,1,3,3,3,1,2,3,2,1,1,3,5,3,5,5,3,5,5,2,3,3,1,2,0,0,0,1,2,3,0,0,5,1,6,5,1,1,0,3,0,0,0,0,0,0,2,11,3,16,1,12,1,7,45,15068,4,1,1,5,NA,Mozilla/5.0 (Windows NT 6.1; WOW64; rv:12.0) Gecko/20100101 Firefox/12.0,Firefox 12.0,Windows NT 6.1,127.0.0.1,1,I enjoyed it because im a gear head!,1,0
21,2/16/13 15:54,2/16/13 16:02,486,908040,40,NA,1,1,1,3,3,1,5,9,taurus,3,3,6,2,NA,4,NA,NA,NA,NA,NA,NA,NA,NA,NA,4,NA,NA,NA,NA,NA,NA,NA,NA,NA,NA,NA,NA,NA,NA,NA,1,1,2,2,1,1,1,1,2,2,2,2,1,1,3,1,5,4,5,5,3,4,2,2,2,2,1,0,0,0,0,1,2,0,0,0,3,1,3,3,3,1,0,0,0,0,0,0,0,0,2,9,12,22,3,11,1,3,33,15235,5,2,2,5,NA,Mozilla/5.0 (Windows NT 6.1; WOW64; rv:12.0) Gecko/20100101 Firefox/12.0,Firefox 12.0,Windows NT 6.1,127.0.0.1,1,NA,2,0
22,2/16/13 18:13,2/16/13 18:31,1075,1018606,320,NA,1,1,1,3,2,3,4,5,century,4,9,9,3,NA,NA,4,NA,NA,NA,NA,NA,NA,NA,NA,NA,NA,NA,NA,NA,NA,NA,NA,4,NA,NA,NA,NA,NA,NA,NA,1,2,2,3,3,1,2,3,2,1,1,3,1,2,3,3,5,4,5,4,1,1,1,3,1,1,1,0,0,0,0,1,2,3,4,0,3,6,6,1,1,1,0,3,0,0,0,0,0,0,2,5,6,9,2,10,1,4,21,15009,5,5,2,5,NA,Mozilla/5.0 (Windows NT 6.1; WOW64; rv:12.0) Gecko/20100101 Firefox/12.0,Firefox 12.0,Windows NT 6.1,127.0.0.1,1,"the ""value"" matrix selection -- soon became a kind of quick evaluation of puchase vs maintenace costs vs make vs features...",1,0
23,2/16/13 16:34,2/16/13 16:43,543,1294008,385,NA,1,1,1,3,2,1,3,6,Deville,3,2,3,3,NA,NA,4,NA,NA,NA,NA,NA,NA,NA,NA,NA,NA,NA,NA,NA,NA,NA,NA,4,NA,NA,NA,NA,NA,NA,NA,1,2,2,2,2,1,3,1,3,2,2,1,2,2,3,2,4,4,5,4,3,3,3,3,5,5,1,2,3,4,0,1,2,3,4,0,3,1,1,1,3,1,0,0,0,0,0,0,0,0,2,6,7,20,1,3,1,1,37,15666,6,1,1,5,NA,Mozilla/5.0 (Windows NT 6.1; WOW64; rv:12.0) Gecko/20100101 Firefox/12.0,Firefox 12.0,Windows NT 6.1,127.0.0.1,1,Candy Good...Cameras Bad,1,0
24,2/16/13 20:27,2/16/13 20:40,740,1367811,373,NA,1,1,1,3,3,1,5,4,328xi,2,8,5,2,NA,5,NA,NA,NA,NA,NA,NA,NA,NA,NA,5,NA,NA,NA,NA,NA,NA,NA,NA,NA,NA,NA,NA,NA,NA,NA,2,3,1,2,1,1,1,2,2,3,1,2,3,2,1,3,4,2,5,4,3,5,4,3,5,5,1,0,0,0,0,1,2,3,4,0,3,7,6,4,7,1,0,0,0,0,0,0,0,0,2,4,16,11,5,11,1,1,21,15317,5,1,1,5,NA,Mozilla/5.0 (Windows NT 6.1; WOW64; rv:12.0) Gecko/20100101 Firefox/12.0,Firefox 12.0,Windows NT 6.1,127.0.0.1,1,NA,1,0
25,2/16/13 20:14,2/16/13 20:22,517,1376878,105,NA,1,1,1,3,2,1,3,12,Tiburon GTV6,2,5,3,1,6,NA,NA,6,NA,NA,NA,NA,NA,NA,NA,NA,NA,NA,NA,NA,NA,NA,NA,NA,NA,NA,NA,NA,NA,NA,NA,2,2,3,1,3,1,1,2,1,3,1,2,1,2,1,3,5,4,4,4,1,5,4,3,3,3,1,2,0,0,0,1,2,0,0,0,1,1,6,3,7,0,0,3,0,0,0,0,0,0,3,9,12,23,3,5,1,1,44,15461,6,1,1,5,NA,Mozilla/5.0 (Windows NT 6.1; WOW64; rv:12.0) Gecko/20100101 Firefox/12.0,Firefox 12.0,Windows NT 6.1,127.0.0.1,1,NA,1,0
26,2/16/13 19:16,2/16/13 19:26,614,1427715,941,NA,1,1,1,2,3,1,1,13,soul,3,4,5,2,NA,7,NA,NA,NA,NA,NA,NA,NA,NA,NA,7,NA,NA,NA,NA,NA,NA,NA,NA,NA,NA,NA,NA,NA,NA,NA,2,1,3,1,1,1,3,2,1,2,2,1,1,3,1,1,4,3,5,5,1,4,3,3,5,5,1,0,0,0,0,1,0,0,0,0,3,3,3,1,1,0,0,0,0,0,6,0,0,0,3,13,22,8,3,8,1,2,27,15317,3,1,2,5,NA,Mozilla/5.0 (Windows NT 6.1; WOW64; rv:12.0) Gecko/20100101 Firefox/12.0,Firefox 12.0,Windows NT 6.1,127.0.0.1,1,NA,1,0
27,2/16/13 16:05,2/16/13 16:17,720,1435944,325,NA,1,1,1,3,2,1,3,22,Highlander,3,4,3,2,NA,1,NA,NA,NA,NA,NA,NA,NA,NA,NA,1,NA,NA,NA,NA,NA,NA,NA,NA,NA,NA,NA,NA,NA,NA,NA,2,2,2,1,1,1,1,1,1,3,2,2,3,2,1,1,5,4,5,5,2,3,2,2,3,3,1,2,0,0,0,1,2,3,0,0,2,1,2,2,1,1,0,3,0,0,0,0,0,0,3,22,11,4,3,11,1,4,30,15237,6,3,2,5,NA,Mozilla/5.0 (Windows NT 6.1; WOW64; rv:12.0) Gecko/20100101 Firefox/12.0,Firefox 12.0,Windows NT 6.1,127.0.0.1,1,Thanks for the candy.  Good luck with your research.,2,0
28,2/16/13 17:25,2/16/13 17:39,839,1508244,489,NA,1,1,1,2,4,3,2,4,135i,4,4,2,1,6,NA,NA,6,NA,NA,NA,NA,NA,NA,NA,NA,NA,NA,NA,NA,NA,NA,NA,NA,NA,NA,NA,NA,NA,NA,NA,2,2,1,2,1,3,1,3,1,1,2,1,1,2,3,3,4,2,3,3,1,4,4,3,3,3,1,2,0,0,0,1,2,0,0,0,4,7,4,7,7,1,0,0,0,0,0,0,0,0,2,4,3,15,2,11,1,4,53,15143,2,1,1,5,NA,Mozilla/5.0 (Windows NT 6.1; WOW64; rv:12.0) Gecko/20100101 Firefox/12.0,Firefox 12.0,Windows NT 6.1,127.0.0.1,1,NA,1,0
29,2/16/13 19:31,2/16/13 19:43,713,1513292,100,NA,1,1,1,2,4,1,1,17,eclipse gs,4,2,2,2,NA,5,NA,NA,NA,NA,NA,NA,NA,NA,NA,5,NA,NA,NA,NA,NA,NA,NA,NA,NA,NA,NA,NA,NA,NA,NA,2,2,2,2,2,3,3,2,3,1,2,1,1,1,1,2,5,4,5,5,1,5,4,3,3,3,1,2,0,0,0,1,2,0,0,0,4,3,6,5,3,1,0,3,0,0,0,0,0,0,3,17,11,2,5,11,2,2,13,15601,5,3,NA,5,NA,Mozilla/5.0 (Windows NT 6.1; WOW64; rv:12.0) Gecko/20100101 Firefox/12.0,Firefox 12.0,Windows NT 6.1,127.0.0.1,1,I love cars.  Sporty cars.,1,0
30,2/16/13 21:26,2/16/13 21:37,673,1649000,578,NA,1,1,1,3,3,3,6,20,legacy,4,4,5,2,NA,2,NA,NA,NA,NA,NA,NA,NA,NA,NA,2,NA,NA,NA,NA,NA,NA,NA,NA,NA,NA,NA,NA,NA,NA,NA,3,3,3,1,2,1,2,2,2,2,1,2,2,1,3,2,4,3,5,5,1,5,3,1,5,NA,1,0,0,0,0,1,2,3,4,0,1,1,6,1,1,0,0,3,0,0,0,0,0,0,3,22,24,23,4,11,1,2,14,15642,2,2,2,5,NA,Mozilla/5.0 (Windows NT 6.1; WOW64; rv:12.0) Gecko/20100101 Firefox/12.0,Firefox 12.0,Windows NT 6.1,127.0.0.1,1,NA,1,0
31,2/15/13 23:29,2/15/13 23:45,959,675805,567,NA,1,1,1,3,2,1,3,22,Sienna,4,8,9,2,NA,2,NA,NA,NA,NA,NA,NA,NA,NA,NA,2,NA,NA,NA,NA,NA,NA,NA,NA,NA,NA,NA,NA,NA,NA,NA,1,3,1,3,2,1,2,1,3,2,3,3,3,1,2,2,5,4,5,4,1,2,1,1,3,4,1,2,0,0,0,1,2,3,4,0,3,1,6,1,1,1,0,0,0,0,0,0,0,0,2,22,7,25,1,12,2,5,19,15613,NA,NA,NA,5,NA,Mozilla/5.0 (compatible; MSIE 9.0; Windows NT 6.1; WOW64; Trident/5.0),MSIE 9.0,Windows NT 6.1,127.0.0.1,1,NA,NA,0
32,2/15/13 22:09,2/15/13 22:21,717,687755,863,NA,1,1,1,2,4,3,2,8,200,4,5,9,2,NA,3,NA,NA,NA,NA,NA,NA,NA,NA,NA,3,NA,NA,NA,NA,NA,NA,NA,NA,NA,NA,NA,NA,NA,NA,NA,3,2,3,2,1,1,2,2,2,1,1,2,1,3,2,1,5,4,5,5,1,4,4,3,4,3,1,0,0,0,0,1,2,0,0,0,4,1,6,5,1,1,0,0,0,0,0,0,0,0,1,8,23,4,5,11,1,3,13,48439,6,4,2,5,NA,Mozilla/5.0 (compatible; MSIE 9.0; Windows NT 6.1; WOW64; Trident/5.0),MSIE 9.0,Windows NT 6.1,127.0.0.1,1,NA,1,0
33,2/15/13 21:56,2/15/13 22:07,635,760330,223,NA,1,1,1,2,4,1,1,16,SLK 350,4,4,7,2,NA,1,NA,NA,NA,NA,NA,NA,NA,NA,NA,1,NA,NA,NA,NA,NA,NA,NA,NA,NA,NA,NA,NA,NA,NA,NA,3,1,3,1,1,1,3,1,1,3,1,1,3,1,1,1,3,4,5,4,4,5,5,3,4,4,1,0,0,0,0,1,2,3,4,0,3,2,3,1,1,1,0,0,0,0,0,0,0,0,3,16,4,3,1,11,1,2,35,15215,6,1,3,5,NA,Mozilla/5.0 (compatible; MSIE 9.0; Windows NT 6.1; WOW64; Trident/5.0),MSIE 9.0,Windows NT 6.1,127.0.0.1,1,NA,1,0
34,2/15/13 19:01,2/15/13 19:08,447,876655,365,NA,1,1,1,2,3,1,1,9,MKS,3,9,9,3,NA,NA,4,NA,NA,NA,NA,NA,NA,NA,NA,NA,NA,NA,NA,NA,NA,NA,NA,4,NA,NA,NA,NA,NA,NA,NA,3,1,2,1,1,3,1,2,2,3,3,3,1,1,3,3,4,5,4,4,2,4,3,3,4,4,1,0,0,0,0,1,0,0,0,0,3,1,6,1,3,1,0,0,0,0,0,0,0,0,2,9,7,6,4,10,1,2,9,16066,6,4,4,5,NA,Mozilla/5.0 (compatible; MSIE 9.0; Windows NT 6.1; WOW64; Trident/5.0),MSIE 9.0,Windows NT 6.1,127.0.0.1,1,NA,2,0
35,2/15/13 22:26,2/15/13 22:37,706,948041,125,NA,1,1,1,3,3,1,5,7,Silverado,3,9,8,3,NA,NA,3,NA,NA,NA,NA,NA,NA,NA,NA,NA,NA,NA,NA,NA,NA,NA,NA,3,NA,NA,NA,NA,NA,NA,NA,2,1,1,1,1,1,1,2,2,1,3,3,1,3,2,3,4,4,4,3,1,4,2,2,4,4,1,2,0,0,0,1,2,0,0,0,2,1,3,1,1,1,0,3,0,0,0,0,0,0,3,25,7,3,2,10,1,1,29,15666,7,1,1,5,NA,Mozilla/5.0 (compatible; MSIE 9.0; Windows NT 6.1; WOW64; Trident/5.0),MSIE 9.0,Windows NT 6.1,127.0.0.1,1,NA,1,0
36,2/15/13 23:49,2/15/13 23:57,486,1070405,589,NA,1,1,1,2,4,1,1,12,sonata hybrid,4,7,4,2,NA,5,NA,NA,NA,NA,NA,NA,NA,NA,NA,5,NA,NA,NA,NA,NA,NA,NA,NA,NA,NA,NA,NA,NA,NA,NA,2,2,2,3,2,3,3,3,2,1,1,3,3,2,1,2,5,4,5,4,1,1,1,1,5,3,0,2,0,0,0,0,2,0,0,0,6,3,3,1,3,1,2,3,4,5,6,7,8,9,1,7,12,20,1,7,2,4,42,15136,4,3,2,5,NA,Mozilla/5.0 (compatible; MSIE 9.0; Windows NT 6.1; WOW64; Trident/5.0),MSIE 9.0,Windows NT 6.1,127.0.0.1,1,NA,1,0
37,2/15/13 21:41,2/15/13 21:54,727,1207378,723,NA,1,1,1,2,4,3,2,4,535,4,5,4,3,NA,NA,4,NA,NA,NA,NA,NA,NA,NA,NA,NA,NA,NA,NA,NA,NA,NA,NA,4,NA,NA,NA,NA,NA,NA,NA,3,2,3,3,3,3,3,2,3,2,2,3,1,3,2,1,4,4,5,5,3,5,4,2,1,3,1,0,0,0,0,1,0,0,0,0,1,1,3,3,1,0,0,3,0,0,0,0,0,0,2,4,2,3,5,10,2,5,18,15474,3,5,2,5,NA,Mozilla/5.0 (compatible; MSIE 9.0; Windows NT 6.1; WOW64; Trident/5.0),MSIE 9.0,Windows NT 6.1,127.0.0.1,1,NA,1,0
38,2/15/13 21:04,2/15/13 21:20,947,1243422,729,NA,1,1,1,3,3,3,6,22,prius,3,3,7,2,NA,7,NA,NA,NA,NA,NA,NA,NA,NA,NA,7,NA,NA,NA,NA,NA,NA,NA,NA,NA,NA,NA,NA,NA,NA,NA,2,2,2,1,1,3,1,1,1,2,3,2,1,2,1,1,4,4,5,5,1,5,3,4,4,4,1,2,0,0,0,1,2,3,4,0,3,1,1,1,1,1,0,0,0,0,0,0,0,0,3,22,7,9,1,11,1,2,5,15017,6,1,2,5,NA,Mozilla/5.0 (compatible; MSIE 9.0; Windows NT 6.1; WOW64; Trident/5.0),MSIE 9.0,Windows NT 6.1,127.0.0.1,1,good luck,1,0
39,2/15/13 19:55,2/15/13 20:09,800,1420174,47,NA,1,1,1,3,3,3,6,10,terrain,2,5,2,2,NA,6,NA,NA,NA,NA,NA,NA,NA,NA,NA,6,NA,NA,NA,NA,NA,NA,NA,NA,NA,NA,NA,NA,NA,NA,NA,3,1,3,1,3,2,2,1,2,2,1,3,3,1,3,3,4,3,4,5,3,4,3,3,3,3,1,0,0,0,0,1,0,0,0,0,2,7,3,1,1,1,0,0,0,0,0,0,0,0,2,10,5,7,3,8,2,2,12,15227,5,1,6,5,NA,Mozilla/5.0 (compatible; MSIE 9.0; Windows NT 6.1; WOW64; Trident/5.0),MSIE 9.0,Windows NT 6.1,127.0.0.1,1,NA,1,0
40,2/16/13 15:15,2/16/13 15:24,534,685352,649,NA,1,1,1,3,2,1,3,2,TL,3,4,5,2,NA,5,NA,NA,NA,NA,NA,NA,NA,NA,NA,5,NA,NA,NA,NA,NA,NA,NA,NA,NA,NA,NA,NA,NA,NA,NA,1,1,3,1,2,2,2,1,2,1,2,3,1,1,2,1,4,4,5,4,1,5,2,3,2,4,1,0,0,0,0,1,0,3,0,0,3,3,3,4,4,1,0,3,0,0,0,0,0,0,3,2,22,20,4,11,1,3,12,15090,5,2,2,5,NA,Mozilla/5.0 (compatible; MSIE 9.0; Windows NT 6.1; WOW64; Trident/5.0),MSIE 9.0,Windows NT 6.1,127.0.0.1,1,NA,1,0
41,2/16/13 19:38,2/16/13 19:51,772,745905,427,NA,1,1,1,3,2,1,3,16,s550,4,9,7,3,NA,NA,6,NA,NA,NA,NA,NA,NA,NA,NA,NA,NA,NA,NA,NA,NA,NA,NA,6,NA,NA,NA,NA,NA,NA,NA,3,1,1,1,3,2,1,1,1,2,2,3,1,1,1,1,1,5,5,5,3,5,5,3,5,4,1,2,0,4,0,1,0,0,0,0,3,1,5,1,1,1,0,3,0,0,0,0,0,0,2,16,20,12,1,11,1,2,1,16201,7,5,4,5,NA,Mozilla/5.0 (compatible; MSIE 9.0; Windows NT 6.1; WOW64; Trident/5.0),MSIE 9.0,Windows NT 6.1,127.0.0.1,1,NA,1,0
42,2/16/13 18:59,2/16/13 19:12,770,762634,368,NA,1,1,1,2,4,1,1,20,Outback,3,3,3,2,NA,8,NA,NA,NA,NA,NA,NA,NA,NA,NA,8,NA,NA,NA,NA,NA,NA,NA,NA,NA,NA,NA,NA,NA,NA,NA,1,3,1,2,2,2,3,3,1,1,2,2,3,3,2,3,4,5,5,5,1,4,2,2,4,1,1,0,0,0,0,0,2,0,0,0,3,2,3,1,1,1,0,3,0,0,0,0,0,0,3,20,11,2,4,11,1,2,35,15108,5,1,2,5,NA,Mozilla/5.0 (compatible; MSIE 9.0; Windows NT 6.1; WOW64; Trident/5.0),MSIE 9.0,Windows NT 6.1,127.0.0.1,1,NA,2,0
43,2/16/13 17:34,2/16/13 17:41,427,949847,172,NA,1,1,1,2,2,3,2,18,altima,2,6,7,2,NA,5,NA,NA,NA,NA,NA,NA,NA,NA,NA,5,NA,NA,NA,NA,NA,NA,NA,NA,NA,NA,NA,NA,NA,NA,NA,3,3,1,2,2,2,2,3,3,2,3,2,3,2,3,1,3,3,5,5,3,4,3,NA,3,3,1,0,0,0,0,1,2,3,0,0,3,6,3,6,6,1,0,3,0,0,0,0,0,0,3,18,22,16,2,11,2,2,23,15239,5,1,2,5,NA,Mozilla/5.0 (compatible; MSIE 9.0; Windows NT 6.1; WOW64; Trident/5.0),MSIE 9.0,Windows NT 6.1,127.0.0.1,1,NA,2,0
44,2/16/13 17:11,2/16/13 17:21,617,996034,426,NA,1,1,1,3,3,3,6,9,mustang gt,4,4,2,3,NA,NA,5,NA,NA,NA,NA,NA,NA,NA,NA,NA,NA,NA,NA,NA,NA,NA,NA,5,NA,NA,NA,NA,NA,NA,NA,2,1,2,2,2,1,3,2,2,1,2,2,2,3,3,2,5,2,5,2,5,5,4,1,1,4,1,2,0,0,0,1,2,0,0,0,2,7,6,7,5,0,0,0,0,0,0,0,0,0,2,9,8,6,4,5,1,4,52,26508,3,1,1,5,NA,Mozilla/5.0 (compatible; MSIE 9.0; Windows NT 6.1; WOW64; Trident/5.0),MSIE 9.0,Windows NT 6.1,127.0.0.1,1,NA,1,0
45,2/16/13 16:05,2/16/13 16:25,1181,1056190,177,NA,1,1,1,2,3,3,2,12,sante fe,4,4,5,2,NA,8,NA,NA,NA,NA,NA,NA,NA,NA,NA,8,NA,NA,NA,NA,NA,NA,NA,NA,NA,NA,NA,NA,NA,NA,NA,2,1,1,1,3,3,1,1,1,1,2,1,1,1,1,3,4,4,4,5,5,5,5,2,2,3,1,0,0,0,0,1,2,0,0,0,6,3,6,3,3,1,0,3,0,0,0,0,0,0,2,24,9,12,2,7,1,3,4,16034,4,4,2,5,NA,Mozilla/5.0 (compatible; MSIE 9.0; Windows NT 6.1; WOW64; Trident/5.0),MSIE 9.0,Windows NT 6.1,127.0.0.1,1,NA,3,0
46,2/16/13 16:34,2/16/13 16:40,362,1147877,448,NA,1,1,1,2,4,1,1,9,C-Max SEL,3,5,3,2,NA,7,NA,NA,NA,NA,NA,NA,NA,NA,NA,7,NA,NA,NA,NA,NA,NA,NA,NA,NA,NA,NA,NA,NA,NA,NA,2,2,2,1,2,1,3,2,1,2,1,2,2,2,1,1,4,4,5,5,1,5,3,2,4,4,1,2,3,4,0,0,2,3,4,0,3,1,4,3,3,0,2,0,0,0,6,7,8,9,1,9,22,11,4,11,2,2,44,15146,6,1,1,5,NA,Mozilla/5.0 (compatible; MSIE 9.0; Windows NT 6.1; WOW64; Trident/5.0),MSIE 9.0,Windows NT 6.1,127.0.0.1,1,NA,1,0
47,2/16/13 21:41,2/16/13 21:47,385,1198438,89,NA,1,1,1,1,2,1,3,1,NA,3,11,11,1,4,NA,NA,4,NA,NA,NA,NA,NA,NA,NA,NA,NA,NA,NA,NA,NA,NA,NA,NA,NA,NA,NA,NA,NA,NA,NA,2,1,3,1,2,2,3,1,1,3,1,1,3,3,2,1,5,4,4,4,4,3,1,2,4,4,1,0,0,0,0,1,2,0,0,0,2,7,3,2,7,0,0,0,0,0,0,0,0,0,1,12,11,15,5,2,2,4,47,15227,4,1,1,5,NA,Mozilla/5.0 (compatible; MSIE 9.0; Windows NT 6.1; WOW64; Trident/5.0),MSIE 9.0,Windows NT 6.1,127.0.0.1,1,NA,2,0
48,2/16/13 17:43,2/16/13 17:54,620,1229358,428,NA,1,1,1,2,4,1,1,5,Regal,2,5,1,1,2,NA,NA,2,NA,NA,NA,NA,NA,NA,NA,NA,NA,NA,NA,NA,NA,NA,NA,NA,NA,NA,NA,NA,NA,NA,NA,2,1,3,2,1,3,3,1,1,1,2,1,2,2,2,2,4,4,4,4,4,4,4,3,3,3,1,0,3,0,0,1,0,3,0,0,1,6,6,6,6,0,0,0,0,0,0,7,0,0,1,5,7,6,5,10,1,1,48,48038,6,1,1,5,NA,Mozilla/5.0 (compatible; MSIE 9.0; Windows NT 6.1; WOW64; Trident/5.0),MSIE 9.0,Windows NT 6.1,127.0.0.1,1,NA,1,0
49,2/16/13 20:25,2/16/13 20:36,636,1236146,30,NA,1,1,1,3,2,1,3,16,SLK 350,3,5,2,2,NA,5,NA,NA,NA,NA,NA,NA,NA,NA,NA,5,NA,NA,NA,NA,NA,NA,NA,NA,NA,NA,NA,NA,NA,NA,NA,2,3,3,2,2,2,1,3,3,2,1,3,1,3,3,1,3,4,5,5,3,5,5,4,5,4,1,2,3,4,0,1,2,3,4,0,3,2,5,1,1,1,0,0,0,0,0,0,0,0,3,16,4,25,5,12,1,1,19,15222,7,1,1,5,NA,Mozilla/5.0 (compatible; MSIE 9.0; Windows NT 6.1; WOW64; Trident/5.0),MSIE 9.0,Windows NT 6.1,127.0.0.1,1,NA,1,0
50,2/16/13 19:52,2/16/13 20:05,727,1251100,721,NA,1,1,1,2,3,3,2,12,elantra touring,3,8,9,1,4,NA,NA,4,NA,NA,NA,NA,NA,NA,NA,NA,NA,NA,NA,NA,NA,NA,NA,NA,NA,NA,NA,NA,NA,NA,NA,2,3,2,2,3,2,2,2,3,2,1,3,1,3,3,1,5,5,5,5,3,4,3,5,5,5,1,0,0,0,0,1,2,3,4,0,1,1,1,3,1,0,0,0,0,0,0,0,0,0,3,11,20,13,5,11,2,4,37,15218,6,3,2,5,NA,Mozilla/5.0 (compatible; MSIE 9.0; Windows NT 6.1; WOW64; Trident/5.0),MSIE 9.0,Windows NT 6.1,127.0.0.1,1,NA,2,0
51,2/16/13 19:14,2/16/13 19:31,995,1258192,547,NA,1,1,1,3,2,3,4,25,jeep wrangler,4,3,4,3,NA,NA,3,NA,NA,NA,NA,NA,NA,NA,NA,NA,NA,NA,NA,NA,NA,NA,NA,3,NA,NA,NA,NA,NA,NA,NA,2,1,3,3,2,3,1,1,1,2,2,1,3,2,1,2,5,4,5,4,3,4,3,3,4,3,1,0,0,0,0,1,2,3,0,0,1,2,6,3,1,0,0,3,0,0,0,0,0,0,3,20,11,22,5,8,3,3,13,15227,3,3,2,5,NA,Mozilla/5.0 (compatible; MSIE 9.0; Windows NT 6.1; WOW64; Trident/5.0),MSIE 9.0,Windows NT 6.1,127.0.0.1,1,NA,2,0
52,2/16/13 21:27,2/16/13 21:35,457,1273152,468,NA,1,1,1,2,3,1,1,11,Accord,2,9,9,2,NA,3,NA,NA,NA,NA,NA,NA,NA,NA,NA,3,NA,NA,NA,NA,NA,NA,NA,NA,NA,NA,NA,NA,NA,NA,NA,3,3,1,1,3,2,3,3,1,3,3,3,3,1,2,1,3,3,5,4,4,4,5,1,1,1,1,2,3,4,0,1,0,0,0,0,3,2,2,2,2,0,0,0,0,0,0,0,0,0,2,11,22,4,1,11,1,3,50,16023,3,1,1,5,NA,Mozilla/5.0 (compatible; MSIE 9.0; Windows NT 6.1; WOW64; Trident/5.0),MSIE 9.0,Windows NT 6.1,127.0.0.1,1,NA,1,0
53,2/16/13 21:52,2/16/13 22:08,1000,1414438,947,NA,1,1,1,3,2,3,4,11,insight,4,4,4,1,4,NA,NA,4,NA,NA,NA,NA,NA,NA,NA,NA,NA,NA,NA,NA,NA,NA,NA,NA,NA,NA,NA,NA,NA,NA,NA,2,3,2,3,3,3,2,1,3,2,2,1,2,3,2,3,5,3,5,4,1,3,2,3,4,4,1,2,0,0,0,1,2,0,0,0,3,1,6,1,7,1,0,0,0,0,0,7,0,0,3,22,11,9,4,12,1,2,5,15108,5,3,2,5,NA,Mozilla/5.0 (compatible; MSIE 9.0; Windows NT 6.1; WOW64; Trident/5.0),MSIE 9.0,Windows NT 6.1,127.0.0.1,1,NA,2,0
54,2/16/13 21:07,2/16/13 21:23,949,1577965,70,NA,1,1,1,3,3,3,6,7,cobalt,3,3,4,2,NA,3,NA,NA,NA,NA,NA,NA,NA,NA,NA,3,NA,NA,NA,NA,NA,NA,NA,NA,NA,NA,NA,NA,NA,NA,NA,2,2,2,3,1,1,1,2,3,3,2,1,2,2,1,3,4,4,5,5,4,2,2,3,5,5,1,0,0,0,0,1,2,3,4,0,1,1,1,3,7,0,0,0,4,0,0,0,0,0,3,7,10,11,3,10,2,3,18,15212,5,3,2,5,NA,Mozilla/5.0 (compatible; MSIE 9.0; Windows NT 6.1; WOW64; Trident/5.0),MSIE 9.0,Windows NT 6.1,127.0.0.1,1,NA,2,0
55,2/17/13 19:54,2/17/13 20:05,661,600926,63,NA,1,1,1,3,2,1,3,24,xc90,4,9,9,3,NA,NA,8,NA,NA,NA,NA,NA,NA,NA,NA,NA,NA,NA,NA,NA,NA,NA,NA,8,NA,NA,NA,NA,NA,NA,NA,2,1,3,1,1,3,3,1,2,3,2,3,2,1,3,3,5,4,5,4,1,4,3,1,1,1,1,0,0,0,0,1,2,0,0,0,3,1,1,1,1,1,0,0,0,0,0,7,0,0,2,16,24,2,2,11,1,5,21,15090,7,4,2,5,NA,Mozilla/5.0 (compatible; MSIE 9.0; Windows NT 6.1; WOW64; Trident/5.0),MSIE 9.0,Windows NT 6.1,127.0.0.1,1,NA,2,0
56,2/17/13 19:16,2/17/13 19:26,593,1490374,976,NA,1,1,1,3,2,1,3,18,maxima,4,3,4,2,NA,5,NA,NA,NA,NA,NA,NA,NA,NA,NA,5,NA,NA,NA,NA,NA,NA,NA,NA,NA,NA,NA,NA,NA,NA,NA,1,1,1,1,3,3,1,2,2,2,2,2,1,2,1,3,4,3,5,5,1,4,3,2,4,4,1,2,0,4,0,1,2,0,0,0,3,1,2,2,2,1,0,0,0,0,0,0,0,0,3,18,12,11,3,11,1,3,11,15146,5,2,2,5,NA,Mozilla/5.0 (compatible; MSIE 9.0; Windows NT 6.1; WOW64; Trident/5.0),MSIE 9.0,Windows NT 6.1,127.0.0.1,1,NA,2,0
57,2/17/13 19:36,2/17/13 19:46,644,1509647,243,NA,1,1,1,3,3,3,6,15,5,3,5,3,2,NA,4,NA,NA,NA,NA,NA,NA,NA,NA,NA,4,NA,NA,NA,NA,NA,NA,NA,NA,NA,NA,NA,NA,NA,NA,NA,2,2,1,1,3,1,3,3,2,2,2,1,3,3,2,1,5,4,4,5,2,4,1,2,5,4,1,0,0,0,0,1,2,3,0,0,3,1,6,1,1,1,0,3,0,0,0,0,0,0,3,9,15,4,3,8,2,4,27,16066,5,3,2,5,NA,Mozilla/5.0 (compatible; MSIE 9.0; Windows NT 6.1; WOW64; Trident/5.0),MSIE 9.0,Windows NT 6.1,127.0.0.1,1,NA,2,0
58,2/16/13 21:52,2/16/13 22:02,649,676933,126,NA,1,1,1,3,3,3,6,4,NA,4,5,6,1,4,NA,NA,4,NA,NA,NA,NA,NA,NA,NA,NA,NA,NA,NA,NA,NA,NA,NA,NA,NA,NA,NA,NA,NA,NA,NA,2,1,1,2,2,1,3,1,3,2,2,1,3,2,2,2,4,3,5,4,1,5,3,2,3,4,1,2,0,0,0,1,0,0,0,0,3,1,6,6,1,1,0,0,0,0,0,0,0,0,2,4,18,3,2,11,2,5,23,15601,5,4,2,5,NA,"Mozilla/5.0 (Windows NT 6.1; WOW64) AppleWebKit/536.11 (KHTML, like Gecko) Chrome/20.0.1132.57 Safari/536.11",Chrome 20.0.1132.57,Windows NT 6.1,127.0.0.1,1,NA,2,0
59,2/15/13 23:37,2/15/13 23:54,1010,699605,90,NA,1,1,1,3,2,3,4,11,Civic,3,9,9,2,NA,3,NA,NA,NA,NA,NA,NA,NA,NA,NA,3,NA,NA,NA,NA,NA,NA,NA,NA,NA,NA,NA,NA,NA,NA,NA,2,2,2,3,1,2,3,1,1,1,3,2,3,1,1,1,5,4,5,4,1,4,2,3,4,4,1,0,0,0,0,1,2,3,0,0,3,1,3,1,2,1,0,3,0,0,0,0,0,0,2,22,11,15,3,11,1,2,9,15101,5,4,2,5,NA,"Mozilla/5.0 (Windows NT 6.1; WOW64) AppleWebKit/536.11 (KHTML, like Gecko) Chrome/20.0.1132.57 Safari/536.11",Chrome 20.0.1132.57,Windows NT 6.1,127.0.0.1,1,Good!,2,0
60,2/16/13 19:29,2/16/13 19:37,443,874655,444,NA,1,1,1,2,2,3,2,22,FJ Cruiser,2,3,4,1,6,NA,NA,6,NA,NA,NA,NA,NA,NA,NA,NA,NA,NA,NA,NA,NA,NA,NA,NA,NA,NA,NA,NA,NA,NA,NA,2,3,1,1,2,1,3,2,2,3,2,3,2,2,3,1,4,4,5,5,3,4,4,3,4,4,1,2,3,0,0,1,2,3,4,0,3,1,5,3,7,1,0,0,0,0,0,0,0,0,3,3,4,20,1,11,3,2,45,15227,5,1,2,5,NA,"Mozilla/5.0 (Windows NT 6.1; WOW64) AppleWebKit/536.11 (KHTML, like Gecko) Chrome/20.0.1132.57 Safari/536.11",Chrome 20.0.1132.57,Windows NT 6.1,127.0.0.1,1,NA,1,0
61,2/16/13 17:08,2/16/13 17:17,513,976675,104,NA,1,1,1,3,3,3,6,23,Jetta Sportwagen TDI,3,1,3,2,NA,8,NA,NA,NA,NA,NA,NA,NA,NA,NA,8,NA,NA,NA,NA,NA,NA,NA,NA,NA,NA,NA,NA,NA,NA,NA,2,2,3,1,2,2,2,2,1,1,3,1,3,3,1,2,5,4,5,5,2,5,4,3,5,5,1,2,0,0,0,1,2,3,4,0,2,1,2,1,1,1,0,3,0,0,0,0,0,0,2,23,3,1,1,12,1,4,26,15143,5,3,2,5,NA,"Mozilla/5.0 (Windows NT 6.1; WOW64) AppleWebKit/536.11 (KHTML, like Gecko) Chrome/20.0.1132.57 Safari/536.11",Chrome 20.0.1132.57,Windows NT 6.1,127.0.0.1,1,NA,1,0
62,2/16/13 16:28,2/16/13 16:43,948,1006894,192,NA,1,1,1,2,3,1,1,9,ranger,3,9,9,2,NA,4,NA,NA,NA,NA,NA,NA,NA,NA,NA,4,NA,NA,NA,NA,NA,NA,NA,NA,NA,NA,NA,NA,NA,NA,NA,2,1,3,3,1,2,1,1,1,2,3,2,2,1,1,1,3,3,5,5,1,4,4,4,5,5,1,0,0,0,0,0,2,0,0,0,3,1,6,4,1,1,0,0,0,0,0,0,0,0,3,9,15,25,5,8,1,2,13,15068,5,3,2,5,NA,"Mozilla/5.0 (Windows NT 6.1; WOW64) AppleWebKit/536.11 (KHTML, like Gecko) Chrome/20.0.1132.57 Safari/536.11",Chrome 20.0.1132.57,Windows NT 6.1,127.0.0.1,1,NA,1,0
63,2/16/13 18:43,2/16/13 18:53,584,1246731,600,NA,1,1,1,2,4,1,1,2,TL,4,6,7,2,NA,5,NA,NA,NA,NA,NA,NA,NA,NA,NA,5,NA,NA,NA,NA,NA,NA,NA,NA,NA,NA,NA,NA,NA,NA,NA,2,1,1,3,1,2,2,1,2,1,1,1,1,2,1,1,4,4,5,5,3,4,4,4,5,4,1,0,0,0,0,1,2,3,4,0,4,1,4,2,2,0,0,0,0,0,0,0,0,0,3,2,9,8,1,8,1,3,14,15650,5,4,2,5,NA,"Mozilla/5.0 (Windows NT 6.1; WOW64) AppleWebKit/536.11 (KHTML, like Gecko) Chrome/20.0.1132.57 Safari/536.11",Chrome 20.0.1132.57,Windows NT 6.1,127.0.0.1,1,NA,1,0
64,2/16/13 21:01,2/16/13 21:13,675,1304843,136,NA,1,1,1,2,4,3,2,6,CTS Coupe,4,9,9,3,NA,NA,5,NA,NA,NA,NA,NA,NA,NA,NA,NA,NA,NA,NA,NA,NA,NA,NA,5,NA,NA,NA,NA,NA,NA,NA,2,1,1,2,3,1,3,2,2,2,1,3,2,3,2,2,4,3,4,4,1,5,5,1,3,4,1,0,0,0,0,1,0,0,0,0,3,1,6,6,1,1,0,0,0,0,0,7,0,9,1,6,7,10,1,11,1,2,40,16033,5,1,2,5,NA,"Mozilla/5.0 (Windows NT 6.1; WOW64) AppleWebKit/536.11 (KHTML, like Gecko) Chrome/20.0.1132.57 Safari/536.11",Chrome 20.0.1132.57,Windows NT 6.1,127.0.0.1,1,I only buy American vehicles so many choices were not applicable to me.,1,0
65,2/15/13 22:25,2/15/13 22:40,857,1554744,966,NA,1,1,1,3,3,3,6,5,lacrosse,4,2,2,2,NA,4,NA,NA,NA,NA,NA,NA,NA,NA,NA,4,NA,NA,NA,NA,NA,NA,NA,NA,NA,NA,NA,NA,NA,NA,NA,2,2,2,2,1,2,2,3,1,2,2,3,2,1,1,2,2,4,4,5,2,3,3,4,4,4,1,0,0,0,0,1,0,0,0,0,1,1,6,4,1,0,0,3,0,0,0,0,0,0,3,7,6,5,2,9,2,3,18,15223,2,3,2,5,NA,"Mozilla/5.0 (Windows NT 6.1; WOW64) AppleWebKit/536.11 (KHTML, like Gecko) Chrome/20.0.1132.57 Safari/536.11",Chrome 20.0.1132.57,Windows NT 6.1,127.0.0.1,1,some of these questions were very interesting,2,0
66,2/17/13 19:51,2/17/13 20:04,807,651047,383,NA,1,1,1,3,3,1,5,16,C300,3,5,2,2,NA,3,NA,NA,NA,NA,NA,NA,NA,NA,NA,3,NA,NA,NA,NA,NA,NA,NA,NA,NA,NA,NA,NA,NA,NA,NA,2,1,2,2,2,2,2,2,1,1,1,1,1,1,3,3,4,3,5,4,1,5,4,2,3,3,1,2,0,0,0,1,2,3,0,0,2,1,2,3,7,1,0,0,0,0,0,0,0,0,3,16,3,22,1,8,2,2,44,15226,5,1,1,5,NA,"Mozilla/5.0 (Windows NT 6.1; WOW64) AppleWebKit/536.11 (KHTML, like Gecko) Chrome/20.0.1132.57 Safari/536.11",Chrome 20.0.1132.57,Windows NT 6.1,127.0.0.1,1,"The survey was very enlightening, but it would have been nice to have some more options under the favorite car options, such as Infiniti.",1,0
67,2/17/13 20:31,2/17/13 20:39,487,1016013,965,NA,1,1,1,3,2,1,3,7,cavalier,2,9,7,1,7,NA,NA,7,NA,NA,NA,NA,NA,NA,NA,NA,NA,NA,NA,NA,NA,NA,NA,NA,NA,NA,NA,NA,NA,NA,NA,1,3,1,2,3,2,1,1,1,2,1,3,3,1,3,1,5,4,5,5,1,3,3,3,2,4,1,0,0,0,0,1,2,0,0,0,3,6,2,2,2,0,0,0,0,0,0,0,0,0,2,7,9,10,5,5,2,1,31,15,NA,NA,NA,5,NA,"Mozilla/5.0 (Windows NT 6.1; WOW64) AppleWebKit/536.11 (KHTML, like Gecko) Chrome/20.0.1132.57 Safari/536.11",Chrome 20.0.1132.57,Windows NT 6.1,127.0.0.1,1,NA,NA,0
68,2/17/13 20:16,2/17/13 20:26,581,1151508,291,NA,1,1,1,2,4,1,1,25,avenger,2,9,7,2,NA,5,NA,NA,NA,NA,NA,NA,NA,NA,NA,5,NA,NA,NA,NA,NA,NA,NA,NA,NA,NA,NA,NA,NA,NA,NA,1,3,2,1,3,2,2,3,2,2,3,2,2,3,1,3,5,1,5,4,1,5,4,1,3,5,1,2,0,0,0,1,2,0,0,0,1,1,1,6,1,0,0,0,0,0,0,0,0,0,2,16,4,2,4,6,2,1,43,16052,5,1,1,5,NA,"Mozilla/5.0 (Windows NT 6.1; WOW64) AppleWebKit/536.11 (KHTML, like Gecko) Chrome/20.0.1132.57 Safari/536.11",Chrome 20.0.1132.57,Windows NT 6.1,127.0.0.1,1,NA,3,0
69,2/17/13 19:23,2/17/13 19:37,813,1191561,418,NA,1,1,1,2,4,3,2,11,Accord,4,9,5,2,NA,5,NA,NA,NA,NA,NA,NA,NA,NA,NA,5,NA,NA,NA,NA,NA,NA,NA,NA,NA,NA,NA,NA,NA,NA,NA,1,1,3,3,2,2,3,2,2,2,2,3,1,3,3,2,5,4,5,5,1,4,3,3,4,4,1,0,0,0,0,0,2,0,0,0,5,1,3,3,1,1,0,0,0,0,0,0,0,0,2,11,13,9,3,12,2,2,15,15209,4,1,2,5,NA,"Mozilla/5.0 (Windows NT 6.1; WOW64) AppleWebKit/536.11 (KHTML, like Gecko) Chrome/20.0.1132.57 Safari/536.11",Chrome 20.0.1132.57,Windows NT 6.1,127.0.0.1,1,NA,1,0
70,2/17/13 19:38,2/17/13 19:47,599,1192025,752,NA,1,1,1,2,4,3,2,20,Impreza,4,3,2,2,NA,5,NA,NA,NA,NA,NA,NA,NA,NA,NA,5,NA,NA,NA,NA,NA,NA,NA,NA,NA,NA,NA,NA,NA,NA,NA,2,1,1,2,3,1,2,2,2,2,3,1,2,1,2,1,5,4,5,5,1,5,4,3,4,4,1,0,0,0,0,1,2,3,0,0,3,1,2,4,1,0,0,0,0,0,0,0,0,0,3,3,18,2,4,11,1,5,53,15237,2,1,1,5,NA,"Mozilla/5.0 (Windows NT 6.1; WOW64) AppleWebKit/536.11 (KHTML, like Gecko) Chrome/20.0.1132.57 Safari/536.11",Chrome 20.0.1132.57,Windows NT 6.1,127.0.0.1,1,NA,1,0
71,2/15/13 22:27,2/15/13 22:35,513,489450,392,NA,1,1,1,3,3,3,6,7,malibu,3,7,4,2,NA,8,NA,NA,NA,NA,NA,NA,NA,NA,NA,8,NA,NA,NA,NA,NA,NA,NA,NA,NA,NA,NA,NA,NA,NA,NA,1,2,1,1,1,2,2,2,2,1,1,1,1,3,1,1,5,3,5,5,1,3,1,5,4,5,1,0,0,4,0,1,2,3,4,0,1,1,1,3,1,0,0,0,4,0,0,0,0,0,3,10,8,9,4,10,1,3,8,15210,7,4,2,5,NA,"Mozilla/5.0 (Windows NT 6.1; WOW64) AppleWebKit/537.11 (KHTML, like Gecko) Chrome/23.0.1271.95 Safari/537.11",Chrome 23.0.1271.95,Windows NT 6.1,127.0.0.1,1,NA,2,0
72,2/16/13 19:37,2/16/13 19:45,482,509291,833,NA,1,1,1,2,3,3,2,18,altama,4,4,3,2,NA,6,NA,NA,NA,NA,NA,NA,NA,NA,NA,6,NA,NA,NA,NA,NA,NA,NA,NA,NA,NA,NA,NA,NA,NA,NA,1,1,1,1,1,1,2,2,1,1,1,1,1,1,1,2,3,2,3,2,3,4,3,3,3,3,0,0,0,0,5,0,0,0,0,5,5,3,5,5,5,0,0,0,0,5,0,0,0,0,3,18,12,13,5,7,2,3,20,15466,2,2,2,5,NA,"Mozilla/5.0 (Windows NT 6.1; WOW64) AppleWebKit/537.11 (KHTML, like Gecko) Chrome/23.0.1271.95 Safari/537.11",Chrome 23.0.1271.95,Windows NT 6.1,127.0.0.1,1,NA,1,0
73,2/16/13 18:44,2/16/13 19:02,1032,686314,82,NA,1,1,1,2,4,1,1,13,Optima,3,2,5,2,NA,5,NA,NA,NA,NA,NA,NA,NA,NA,NA,5,NA,NA,NA,NA,NA,NA,NA,NA,NA,NA,NA,NA,NA,NA,NA,2,3,1,3,3,3,3,1,1,3,2,2,3,1,3,3,5,1,5,3,3,4,1,1,1,1,1,2,0,0,0,1,0,0,4,0,3,2,2,1,2,1,0,3,0,0,0,0,0,0,2,1,1,1,2,11,1,2,-5,15215,5,3,2,5,NA,"Mozilla/5.0 (Windows NT 6.1; WOW64) AppleWebKit/537.11 (KHTML, like Gecko) Chrome/23.0.1271.95 Safari/537.11",Chrome 23.0.1271.95,Windows NT 6.1,127.0.0.1,1,this survey is very age dependent,2,0
74,2/15/13 22:39,2/15/13 22:53,842,839123,550,NA,1,1,1,3,3,3,6,11,accord,3,4,7,1,6,NA,NA,6,NA,NA,NA,NA,NA,NA,NA,NA,NA,NA,NA,NA,NA,NA,NA,NA,NA,NA,NA,NA,NA,NA,NA,2,2,1,3,2,2,3,1,1,1,1,2,3,3,1,1,5,4,5,5,1,5,3,3,4,4,1,0,0,0,0,1,2,3,0,0,2,1,2,6,7,1,0,0,0,0,0,0,0,0,3,9,15,20,3,6,1,2,29,15201,5,1,2,5,NA,"Mozilla/5.0 (Windows NT 6.1; WOW64) AppleWebKit/537.11 (KHTML, like Gecko) Chrome/23.0.1271.95 Safari/537.11",Chrome 23.0.1271.95,Windows NT 6.1,127.0.0.1,1,NA,2,0
75,2/15/13 18:44,2/15/13 19:19,2135,967906,580,NA,1,1,1,2,3,3,2,9,Fusion,3,1,1,2,NA,6,NA,NA,NA,NA,NA,NA,NA,NA,NA,6,NA,NA,NA,NA,NA,NA,NA,NA,NA,NA,NA,NA,NA,NA,NA,2,1,3,3,1,3,2,2,2,1,2,1,2,1,2,1,5,4,5,5,2,5,4,1,1,1,1,0,0,0,0,1,0,0,0,0,3,1,3,7,2,1,0,0,0,5,0,0,0,0,2,9,9,9,4,12,2,1,54,15202,6,1,1,5,NA,"Mozilla/5.0 (Windows NT 6.1; WOW64) AppleWebKit/537.11 (KHTML, like Gecko) Chrome/23.0.1271.95 Safari/537.11",Chrome 23.0.1271.95,Windows NT 6.1,127.0.0.1,1,"These questions need to be simplified.  Also, many drivers were born prior to 1942.  Also, the survey is entirely too long",1,0
76,2/16/13 19:07,2/16/13 19:20,775,974371,958,NA,1,1,1,3,3,1,5,11,Civic,2,2,2,1,3,NA,NA,3,NA,NA,NA,NA,NA,NA,NA,NA,NA,NA,NA,NA,NA,NA,NA,NA,NA,NA,NA,NA,NA,NA,NA,2,3,2,2,2,2,1,1,1,3,2,3,2,3,2,3,4,4,5,5,1,4,4,4,5,NA,1,0,0,0,0,1,2,3,0,0,2,1,2,2,1,0,0,0,0,5,0,0,0,0,1,11,7,1,5,5,1,1,4,15217,5,1,1,5,NA,"Mozilla/5.0 (Windows NT 6.1; WOW64) AppleWebKit/537.11 (KHTML, like Gecko) Chrome/23.0.1271.95 Safari/537.11",Chrome 23.0.1271.95,Windows NT 6.1,127.0.0.1,1,NA,2,0
77,2/15/13 20:02,2/15/13 20:13,654,976926,285,NA,1,1,1,3,3,3,6,9,Tauras,3,3,3,3,NA,NA,2,NA,NA,NA,NA,NA,NA,NA,NA,NA,NA,NA,NA,NA,NA,NA,NA,2,NA,NA,NA,NA,NA,NA,NA,1,3,2,2,3,2,3,3,3,2,3,3,1,2,1,2,5,5,5,5,2,5,5,4,3,3,1,0,0,0,0,1,0,0,0,0,3,1,6,1,1,1,0,0,0,0,0,0,0,0,2,9,8,6,3,12,3,NA,12,15717,5,3,2,5,NA,"Mozilla/5.0 (Windows NT 6.1; WOW64) AppleWebKit/537.11 (KHTML, like Gecko) Chrome/23.0.1271.95 Safari/537.11",Chrome 23.0.1271.95,Windows NT 6.1,127.0.0.1,1,NA,1,0
78,2/15/13 22:58,2/15/13 23:04,371,1183958,481,NA,1,1,1,2,2,1,1,12,sonata,4,9,9,2,NA,5,NA,NA,NA,NA,NA,NA,NA,NA,NA,5,NA,NA,NA,NA,NA,NA,NA,NA,NA,NA,NA,NA,NA,NA,NA,2,1,1,2,2,2,2,1,3,2,2,2,2,1,3,2,5,5,5,5,5,5,5,5,5,5,0,0,3,0,0,0,0,3,0,0,4,5,4,4,4,0,0,0,0,0,6,0,0,0,1,5,8,18,1,9,2,4,20,15239,5,3,2,5,NA,"Mozilla/5.0 (Windows NT 6.1; WOW64) AppleWebKit/537.11 (KHTML, like Gecko) Chrome/23.0.1271.95 Safari/537.11",Chrome 23.0.1271.95,Windows NT 6.1,127.0.0.1,1,NA,1,0
79,2/16/13 18:31,2/16/13 18:39,529,1228534,94,NA,1,1,1,3,3,3,6,15,3,2,2,4,1,6,NA,NA,6,NA,NA,NA,NA,NA,NA,NA,NA,NA,NA,NA,NA,NA,NA,NA,NA,NA,NA,NA,NA,NA,NA,NA,2,2,1,2,2,3,1,3,1,2,2,2,1,3,2,3,5,5,5,5,3,5,5,5,5,5,1,2,0,0,0,1,2,3,4,0,4,1,3,6,6,1,0,0,0,0,0,0,0,0,2,20,3,15,5,11,1,2,40,15205,3,1,2,5,NA,"Mozilla/5.0 (Windows NT 6.1; WOW64) AppleWebKit/537.11 (KHTML, like Gecko) Chrome/23.0.1271.95 Safari/537.11",Chrome 23.0.1271.95,Windows NT 6.1,127.0.0.1,1,NA,1,0
80,2/15/13 21:04,2/15/13 21:19,874,1428004,151,NA,1,1,1,3,2,1,3,3,A6,2,3,3,2,NA,3,NA,NA,NA,NA,NA,NA,NA,NA,NA,3,NA,NA,NA,NA,NA,NA,NA,NA,NA,NA,NA,NA,NA,NA,NA,1,2,3,3,2,2,3,2,3,2,1,3,3,1,3,3,5,3,5,4,1,5,3,3,1,2,1,2,0,0,0,1,2,0,0,0,3,1,4,1,6,1,0,0,0,0,0,0,0,0,3,3,23,11,5,12,1,2,54,15136,5,5,2,5,NA,"Mozilla/5.0 (Windows NT 6.1; WOW64) AppleWebKit/537.11 (KHTML, like Gecko) Chrome/23.0.1271.95 Safari/537.11",Chrome 23.0.1271.95,Windows NT 6.1,127.0.0.1,1,NA,1,0
81,2/16/13 19:21,2/16/13 19:34,754,1441054,977,NA,1,1,1,3,3,1,5,11,Civic,2,4,6,3,NA,NA,4,NA,NA,NA,NA,NA,NA,NA,NA,NA,NA,NA,NA,NA,NA,NA,NA,4,NA,NA,NA,NA,NA,NA,NA,2,2,3,2,2,2,2,1,1,3,1,3,2,2,2,3,4,3,4,5,1,5,4,2,3,3,1,2,0,4,0,1,2,3,0,0,2,7,1,6,7,1,2,0,0,0,0,0,0,0,3,4,16,5,1,7,1,1,49,15213,5,1,1,5,NA,"Mozilla/5.0 (Windows NT 6.1; WOW64) AppleWebKit/537.11 (KHTML, like Gecko) Chrome/23.0.1271.95 Safari/537.11",Chrome 23.0.1271.95,Windows NT 6.1,127.0.0.1,1,NA,1,0
82,2/17/13 19:29,2/17/13 19:41,686,647227,401,NA,1,1,1,3,3,3,6,7,malibu,3,7,5,2,NA,3,NA,NA,NA,NA,NA,NA,NA,NA,NA,3,NA,NA,NA,NA,NA,NA,NA,NA,NA,NA,NA,NA,NA,NA,NA,1,1,2,2,1,3,3,2,1,1,1,3,1,1,1,1,5,5,5,5,1,4,2,2,4,5,1,0,0,0,0,1,2,3,0,0,3,1,1,1,1,1,0,3,0,0,0,0,0,0,3,7,1,1,3,12,2,4,32,15,NA,NA,NA,5,NA,"Mozilla/5.0 (Windows NT 6.1; WOW64) AppleWebKit/537.11 (KHTML, like Gecko) Chrome/23.0.1271.95 Safari/537.11",Chrome 23.0.1271.95,Windows NT 6.1,127.0.0.1,1,NA,NA,0
83,2/17/13 19:12,2/17/13 19:24,706,1326719,756,NA,1,1,1,3,2,3,4,12,elantra,4,7,6,1,4,NA,NA,4,NA,NA,NA,NA,NA,NA,NA,NA,NA,NA,NA,NA,NA,NA,NA,NA,NA,NA,NA,NA,NA,NA,NA,2,2,1,1,2,3,1,3,2,2,2,2,1,3,3,1,5,3,5,5,1,4,3,1,2,2,1,0,0,0,0,1,2,3,4,0,3,1,5,5,6,1,0,0,0,0,0,0,0,0,3,16,2,12,5,11,2,3,12,15146,6,2,2,5,NA,"Mozilla/5.0 (Windows NT 6.1; WOW64) AppleWebKit/537.11 (KHTML, like Gecko) Chrome/23.0.1271.95 Safari/537.11",Chrome 23.0.1271.95,Windows NT 6.1,127.0.0.1,1,NA,2,0
84,2/16/13 15:25,2/16/13 15:42,1004,671975,585,NA,1,1,1,3,3,1,5,4,328xi,4,8,5,1,6,NA,NA,6,NA,NA,NA,NA,NA,NA,NA,NA,NA,NA,NA,NA,NA,NA,NA,NA,NA,NA,NA,NA,NA,NA,NA,2,3,3,2,1,2,1,2,2,1,3,1,2,2,2,3,2,4,4,4,1,5,4,3,3,4,1,2,0,0,0,1,2,3,0,0,3,7,6,1,7,1,0,0,0,0,0,0,0,0,1,4,23,2,5,11,1,3,48,15108,5,1,1,5,NA,Mozilla/5.0 (compatible; MSIE 9.0; Windows NT 6.1; WOW64; Trident/5.0),MSIE 9.0,Windows NT 6.1,127.0.0.1,1,NA,1,0
85,2/16/13 17:18,2/16/13 17:30,748,913339,831,NA,1,1,1,3,2,1,3,7,Blazer,3,8,9,2,NA,8,NA,NA,NA,NA,NA,NA,NA,NA,NA,8,NA,NA,NA,NA,NA,NA,NA,NA,NA,NA,NA,NA,NA,NA,NA,2,3,3,3,1,1,1,3,3,3,2,3,3,3,3,3,4,4,4,5,3,4,3,4,5,4,1,2,0,0,0,1,2,3,4,0,4,1,5,1,1,1,0,3,0,0,0,7,0,0,3,7,9,11,5,11,1,1,13,15143,7,3,1,5,NA,Mozilla/5.0 (compatible; MSIE 9.0; Windows NT 6.1; WOW64; Trident/5.0),MSIE 9.0,Windows NT 6.1,127.0.0.1,1,NA,2,0
86,2/16/13 20:48,2/16/13 20:59,680,918738,693,NA,1,1,1,2,4,3,2,9,Focus,3,2,2,2,NA,5,NA,NA,NA,NA,NA,NA,NA,NA,NA,5,NA,NA,NA,NA,NA,NA,NA,NA,NA,NA,NA,NA,NA,NA,NA,1,1,2,2,2,2,3,1,2,1,1,2,1,3,3,3,4,2,5,4,1,2,2,4,4,4,1,0,0,0,0,0,2,0,0,0,7,7,7,3,7,0,0,0,4,0,0,0,0,0,3,4,9,12,4,8,2,2,15,15212,5,1,2,5,NA,Mozilla/5.0 (compatible; MSIE 9.0; Windows NT 6.1; WOW64; Trident/5.0),MSIE 9.0,Windows NT 6.1,127.0.0.1,1,"In any sitaution I will always lean toward ""made in America.""",2,0
87,2/16/13 21:02,2/16/13 21:13,671,925213,72,NA,1,1,1,3,2,1,3,6,cts,3,3,3,3,NA,NA,2,NA,NA,NA,NA,NA,NA,NA,NA,NA,NA,NA,NA,NA,NA,NA,NA,2,NA,NA,NA,NA,NA,NA,NA,3,1,1,3,3,1,3,3,3,3,3,1,3,1,2,1,4,4,5,5,1,4,4,3,4,4,1,0,0,0,0,1,2,3,0,0,2,2,2,2,2,0,0,0,0,0,0,0,0,0,1,9,6,4,1,10,1,2,20,15146,1,3,5,5,NA,Mozilla/5.0 (compatible; MSIE 9.0; Windows NT 6.1; WOW64; Trident/5.0),MSIE 9.0,Windows NT 6.1,127.0.0.1,1,NA,2,0
88,2/16/13 19:38,2/16/13 19:48,618,1016473,36,NA,1,1,1,3,2,1,3,25,vue,3,6,9,3,NA,NA,4,NA,NA,NA,NA,NA,NA,NA,NA,NA,NA,NA,NA,NA,NA,NA,NA,4,NA,NA,NA,NA,NA,NA,NA,3,1,3,1,3,2,2,3,2,2,1,3,1,3,2,1,4,5,5,5,3,4,3,3,4,4,1,0,0,0,0,1,2,0,0,0,3,7,5,1,7,0,0,0,0,0,0,7,0,0,3,25,23,20,4,12,2,2,22,15001,5,1,1,5,NA,Mozilla/5.0 (compatible; MSIE 9.0; Windows NT 6.1; WOW64; Trident/5.0),MSIE 9.0,Windows NT 6.1,127.0.0.1,1,NA,2,0
89,2/16/13 18:11,2/16/13 18:26,896,1138558,534,NA,1,1,1,3,3,1,5,6,seville,4,1,1,3,NA,NA,4,NA,NA,NA,NA,NA,NA,NA,NA,NA,NA,NA,NA,NA,NA,NA,NA,4,NA,NA,NA,NA,NA,NA,NA,2,2,2,3,2,3,3,3,1,3,2,1,1,3,1,1,4,5,5,5,5,5,4,2,1,1,1,2,3,4,0,1,2,0,0,0,4,7,5,6,2,1,0,0,0,0,0,0,0,0,1,2,22,18,5,7,1,1,25,15235,2,1,1,5,NA,Mozilla/5.0 (compatible; MSIE 9.0; Windows NT 6.1; WOW64; Trident/5.0),MSIE 9.0,Windows NT 6.1,127.0.0.1,1,NA,1,0
90,2/16/13 16:10,2/16/13 16:25,878,1156532,887,NA,1,1,1,3,3,1,5,12,elantra,2,2,2,1,6,NA,NA,6,NA,NA,NA,NA,NA,NA,NA,NA,NA,NA,NA,NA,NA,NA,NA,NA,NA,NA,NA,NA,NA,NA,NA,1,2,2,1,2,3,3,2,3,3,2,3,2,1,1,1,5,5,5,5,3,4,2,4,5,5,1,0,0,4,0,1,2,3,4,0,2,7,4,5,7,0,0,0,0,0,0,0,0,0,3,12,11,22,5,7,2,1,19,15208,5,1,1,5,NA,Mozilla/5.0 (compatible; MSIE 9.0; Windows NT 6.1; WOW64; Trident/5.0),MSIE 9.0,Windows NT 6.1,127.0.0.1,1,"thanks,  lets save the earth !!!",2,0
91,2/16/13 19:24,2/16/13 19:32,424,1198652,243,NA,1,1,1,3,2,3,4,25,firebird,4,4,5,2,NA,5,NA,NA,NA,NA,NA,NA,NA,NA,NA,5,NA,NA,NA,NA,NA,NA,NA,NA,NA,NA,NA,NA,NA,NA,NA,2,1,2,2,1,1,3,2,3,1,2,1,3,3,2,1,5,4,4,4,1,4,4,2,3,4,1,2,0,0,0,1,2,0,0,0,3,3,5,5,1,1,0,3,0,0,0,0,0,0,3,8,13,12,3,12,2,5,24,152,NA,NA,NA,5,NA,Mozilla/5.0 (compatible; MSIE 9.0; Windows NT 6.1; WOW64; Trident/5.0),MSIE 9.0,Windows NT 6.1,127.0.0.1,1,NA,NA,0
92,2/16/13 19:07,2/16/13 19:18,699,1226841,130,NA,1,1,1,3,2,3,4,25,Scion TC,3,8,5,2,NA,5,NA,NA,NA,NA,NA,NA,NA,NA,NA,5,NA,NA,NA,NA,NA,NA,NA,NA,NA,NA,NA,NA,NA,NA,NA,3,2,2,1,2,2,3,2,1,2,3,3,2,2,2,1,4,4,4,4,1,4,3,2,2,1,1,0,0,0,0,1,2,3,4,0,1,1,3,1,3,0,0,0,0,0,0,0,0,0,2,4,3,22,3,9,2,2,43,26505,6,1,2,5,NA,Mozilla/5.0 (compatible; MSIE 9.0; Windows NT 6.1; WOW64; Trident/5.0),MSIE 9.0,Windows NT 6.1,127.0.0.1,1,NA,1,0
93,2/16/13 20:30,2/16/13 20:43,760,1416382,93,NA,1,1,1,3,3,1,5,20,Forester,2,2,3,2,NA,7,NA,NA,NA,NA,NA,NA,NA,NA,NA,7,NA,NA,NA,NA,NA,NA,NA,NA,NA,NA,NA,NA,NA,NA,NA,2,2,1,2,1,3,2,2,2,1,1,3,2,1,1,1,2,4,5,NA,3,3,1,1,4,4,1,2,0,0,0,0,2,3,0,0,2,2,2,2,2,1,0,0,0,0,0,0,0,0,3,22,11,20,4,8,1,1,16,15234,4,1,4,5,NA,Mozilla/5.0 (compatible; MSIE 9.0; Windows NT 6.1; WOW64; Trident/5.0),MSIE 9.0,Windows NT 6.1,127.0.0.1,1,NA,1,0
94,2/16/13 18:51,2/16/13 19:01,622,1446253,699,NA,1,1,1,3,2,3,4,25,Alero,3,5,4,2,NA,4,NA,NA,NA,NA,NA,NA,NA,NA,NA,4,NA,NA,NA,NA,NA,NA,NA,NA,NA,NA,NA,NA,NA,NA,NA,2,1,2,3,3,3,1,2,3,2,1,2,3,3,2,1,4,3,5,4,1,4,3,2,1,1,1,0,0,0,0,0,2,0,0,0,1,1,3,6,7,0,0,0,0,0,0,0,0,0,3,22,23,2,5,12,2,2,43,15210,5,1,2,5,NA,Mozilla/5.0 (compatible; MSIE 9.0; Windows NT 6.1; WOW64; Trident/5.0),MSIE 9.0,Windows NT 6.1,127.0.0.1,1,NA,2,0
95,2/16/13 16:57,2/16/13 17:04,434,1492716,150,NA,1,1,1,3,3,1,5,16,e350,2,3,7,2,NA,5,NA,NA,NA,NA,NA,NA,NA,NA,NA,5,NA,NA,NA,NA,NA,NA,NA,NA,NA,NA,NA,NA,NA,NA,NA,1,1,3,1,1,1,2,2,1,1,1,1,1,1,1,1,NA,3,NA,4,3,4,3,4,5,2,0,0,0,0,5,0,0,0,0,5,2,2,2,2,2,0,2,3,0,0,0,0,8,0,3,16,23,21,1,7,1,2,4,15139,7,4,2,5,NA,Mozilla/5.0 (compatible; MSIE 9.0; Windows NT 6.1; WOW64; Trident/5.0),MSIE 9.0,Windows NT 6.1,127.0.0.1,1,NA,2,0
96,2/16/13 21:22,2/16/13 21:34,675,1508344,559,NA,1,1,1,3,3,1,5,11,accord,3,9,9,1,4,NA,NA,4,NA,NA,NA,NA,NA,NA,NA,NA,NA,NA,NA,NA,NA,NA,NA,NA,NA,NA,NA,NA,NA,NA,NA,2,2,2,1,1,2,2,2,3,2,3,1,3,3,1,3,4,3,5,5,2,2,1,4,4,4,1,2,3,4,0,1,2,3,0,0,3,1,4,1,1,1,0,3,0,0,0,0,0,0,2,11,9,23,5,12,2,2,9,13780,5,5,2,5,NA,Mozilla/5.0 (compatible; MSIE 9.0; Windows NT 6.1; WOW64; Trident/5.0),MSIE 9.0,Windows NT 6.1,127.0.0.1,1,NA,1,0
97,2/16/13 15:56,2/16/13 16:08,695,1582151,318,NA,1,1,1,3,3,3,6,24,s60,4,9,9,2,NA,5,NA,NA,NA,NA,NA,NA,NA,NA,NA,5,NA,NA,NA,NA,NA,NA,NA,NA,NA,NA,NA,NA,NA,NA,NA,2,2,3,1,2,3,3,2,1,2,1,1,3,1,3,2,4,4,5,5,1,4,3,1,1,1,1,0,0,0,0,1,2,0,0,0,4,1,6,6,1,1,0,0,0,0,0,0,0,0,1,4,24,13,5,11,2,2,27,15057,5,1,2,5,NA,Mozilla/5.0 (compatible; MSIE 9.0; Windows NT 6.1; WOW64; Trident/5.0),MSIE 9.0,Windows NT 6.1,127.0.0.1,1,What about CNG vehicles?,1,0
98,2/16/13 19:54,2/16/13 20:02,486,1646948,615,NA,1,1,1,2,3,1,1,16,e350,4,9,8,3,NA,NA,4,NA,NA,NA,NA,NA,NA,NA,NA,NA,NA,NA,NA,NA,NA,NA,NA,4,NA,NA,NA,NA,NA,NA,NA,2,2,1,3,3,1,1,1,1,1,1,1,3,3,3,3,4,4,4,5,1,5,5,3,3,NA,1,0,0,0,0,1,0,0,0,0,3,1,5,1,1,1,0,3,0,0,0,0,0,0,2,16,7,9,3,12,1,6,27,16066,5,5,2,5,NA,Mozilla/5.0 (compatible; MSIE 9.0; Windows NT 6.1; WOW64; Trident/5.0),MSIE 9.0,Windows NT 6.1,127.0.0.1,1,NA,1,0
99,2/17/13 19:30,2/17/13 19:37,422,637548,487,NA,1,1,1,2,1,3,2,9,Fursion,3,9,6,2,NA,4,NA,NA,NA,NA,NA,NA,NA,NA,NA,4,NA,NA,NA,NA,NA,NA,NA,NA,NA,NA,NA,NA,NA,NA,NA,1,3,3,2,2,2,3,2,1,1,2,3,1,2,2,2,5,5,4,5,4,5,5,5,4,5,1,0,0,0,0,1,0,0,0,0,3,1,3,1,1,1,0,0,0,0,0,0,0,0,3,9,18,8,2,11,1,3,35,1560,NA,NA,NA,5,NA,Mozilla/5.0 (compatible; MSIE 9.0; Windows NT 6.1; WOW64; Trident/5.0),MSIE 9.0,Windows NT 6.1,127.0.0.1,1,NA,NA,0
100,2/17/13 19:04,2/17/13 19:17,769,953805,252,NA,1,1,1,2,3,1,1,16,S550,3,5,6,3,NA,NA,5,NA,NA,NA,NA,NA,NA,NA,NA,NA,NA,NA,NA,NA,NA,NA,NA,5,NA,NA,NA,NA,NA,NA,NA,2,1,2,3,2,1,1,2,3,3,2,3,2,3,1,3,3,3,4,4,1,5,4,1,2,3,0,2,0,0,0,0,0,3,4,0,3,7,5,4,7,1,0,3,4,0,6,0,0,0,3,16,4,3,2,11,1,2,28,15044,7,1,2,5,NA,Mozilla/5.0 (compatible; MSIE 9.0; Windows NT 6.1; WOW64; Trident/5.0),MSIE 9.0,Windows NT 6.1,127.0.0.1,1,Go electric!!!,1,0
101,2/17/13 19:54,2/17/13 20:08,842,1382628,218,NA,1,1,1,3,2,1,3,16,glk,4,6,8,3,NA,NA,3,NA,NA,NA,NA,NA,NA,NA,NA,NA,NA,NA,NA,NA,NA,NA,NA,3,NA,NA,NA,NA,NA,NA,NA,2,3,3,1,3,3,3,2,2,1,2,1,1,1,1,2,1,1,5,5,5,5,3,3,2,2,1,0,0,0,0,1,0,0,0,0,4,7,5,3,3,1,0,0,0,0,0,0,0,0,3,2,16,24,5,11,2,4,30,15090,5,4,2,5,NA,Mozilla/5.0 (compatible; MSIE 9.0; Windows NT 6.1; WOW64; Trident/5.0),MSIE 9.0,Windows NT 6.1,127.0.0.1,1,NA,1,0
102,2013-2-15 23:14,2013-2-15 23:23,566,959450,30,NA,1,1,1,2,2,1,1,25,Jeep Grand Cherokee,4,2,5,2,NA,1,NA,NA,NA,NA,NA,NA,NA,NA,NA,1,NA,NA,NA,NA,NA,NA,NA,NA,NA,NA,NA,NA,NA,NA,NA,2,1,2,1,2,1,1,3,2,3,1,1,2,2,3,2,4,4,5,5,2,4,4,3,2,1,1,2,0,0,0,1,2,3,4,0,3,7,3,1,1,1,0,0,0,0,0,0,0,0,3,5,25,10,2,10,2,2,15,15025,6,4,5,5,NA,Mozilla/4.0 (compatible; MSIE 8.0; Windows NT 6.1; WOW64; Trident/4.0; SLCC2; .NET CLR 2.0.50727; .NET CLR 3.5.30729; .NET CLR 3.0.30729; Media Center PC 6.0; .NET4.0C),MSIE 8.0,Windows NT 6.1,127.0.0.1,1,NA,2,1
103,2013-2-16 19:08,2013-2-16 19:16,486,587038,887,NA,1,1,1,3,2,3,4,22,sienna xle,4,3,8,1,4,NA,NA,4,NA,NA,NA,NA,NA,NA,NA,NA,NA,NA,NA,NA,NA,NA,NA,NA,NA,NA,NA,NA,NA,NA,NA,2,3,3,1,3,1,2,2,1,1,1,1,2,2,3,3,5,3,5,3,1,3,4,2,2,2,1,0,0,0,0,1,0,0,0,0,2,6,5,4,6,1,0,0,0,0,0,0,0,0,2,3,17,2,3,11,1,3,23,15068,4,4,2,5,NA,Mozilla/4.0 (compatible; MSIE 8.0; Windows NT 6.1; WOW64; Trident/4.0; SLCC2; .NET CLR 2.0.50727; .NET CLR 3.5.30729; .NET CLR 3.0.30729; Media Center PC 6.0; .NET4.0C),MSIE 8.0,Windows NT 6.1,127.0.0.1,1,NA,1,1
104,2013-2-16 17:24,2013-2-16 17:33,553,809313,984,NA,1,1,1,1,3,1,5,4,328i,2,4,6,2,NA,8,NA,NA,NA,NA,NA,NA,NA,NA,NA,8,NA,NA,NA,NA,NA,NA,NA,NA,NA,NA,NA,NA,NA,NA,NA,2,3,2,1,1,3,3,1,2,3,3,2,3,2,1,1,5,4,4,5,2,4,4,4,5,5,1,2,0,0,0,1,2,0,0,0,1,1,3,6,6,1,0,0,0,0,0,0,0,0,3,25,4,18,4,2,2,1,43,15217,6,1,1,5,NA,Mozilla/4.0 (compatible; MSIE 8.0; Windows NT 6.1; WOW64; Trident/4.0; SLCC2; .NET CLR 2.0.50727; .NET CLR 3.5.30729; .NET CLR 3.0.30729; Media Center PC 6.0; .NET4.0C),MSIE 8.0,Windows NT 6.1,127.0.0.1,1,NA,1,1
105,2013-2-16 16:40,2013-2-16 16:52,704,970703,89,NA,1,1,1,3,3,1,5,25,Grand Am,3,6,4,2,NA,2,NA,NA,NA,NA,NA,NA,NA,NA,NA,2,NA,NA,NA,NA,NA,NA,NA,NA,NA,NA,NA,NA,NA,NA,NA,3,1,2,1,1,2,1,1,1,1,2,2,2,2,1,1,4,5,4,NA,3,4,3,3,3,3,1,2,0,0,0,1,2,0,0,0,1,1,5,1,1,0,0,0,0,0,0,0,0,0,3,13,15,12,5,2,2,2,22,15436,4,4,2,5,NA,Mozilla/4.0 (compatible; MSIE 8.0; Windows NT 6.1; WOW64; Trident/4.0; SLCC2; .NET CLR 2.0.50727; .NET CLR 3.5.30729; .NET CLR 3.0.30729; Media Center PC 6.0; .NET4.0C),MSIE 8.0,Windows NT 6.1,127.0.0.1,1,NA,1,1
106,2013-2-16 17:34,2013-2-16 17:43,543,1092920,419,NA,1,1,1,2,2,1,1,11,Pilot,3,4,6,2,NA,4,NA,NA,NA,NA,NA,NA,NA,NA,NA,4,NA,NA,NA,NA,NA,NA,NA,NA,NA,NA,NA,NA,NA,NA,NA,1,1,1,1,3,2,2,1,1,3,3,1,1,1,1,1,4,5,5,5,4,4,3,3,4,4,1,0,0,0,0,0,2,0,0,0,3,1,3,1,1,1,0,3,0,0,0,7,0,0,3,11,2,22,4,11,2,4,29,15644,6,3,2,5,NA,Mozilla/4.0 (compatible; MSIE 8.0; Windows NT 6.1; WOW64; Trident/4.0; SLCC2; .NET CLR 2.0.50727; .NET CLR 3.5.30729; .NET CLR 3.0.30729; Media Center PC 6.0; .NET4.0C),MSIE 8.0,Windows NT 6.1,127.0.0.1,1,NA,3,1
107,2013-2-16 18:37,2013-2-16 18:44,415,1291590,156,NA,1,1,1,2,3,3,2,7,Cavalier,3,6,8,2,NA,1,NA,NA,NA,NA,NA,NA,NA,NA,NA,1,NA,NA,NA,NA,NA,NA,NA,NA,NA,NA,NA,NA,NA,NA,NA,2,2,3,3,3,1,3,1,3,2,2,1,2,3,2,2,4,4,5,5,4,4,2,3,4,4,1,0,0,0,0,1,2,3,4,0,2,1,4,4,1,1,0,3,4,0,0,0,0,0,1,7,22,10,4,5,2,3,37,15235,6,3,1,5,NA,Mozilla/4.0 (compatible; MSIE 8.0; Windows NT 6.1; WOW64; Trident/4.0; SLCC2; .NET CLR 2.0.50727; .NET CLR 3.5.30729; .NET CLR 3.0.30729; Media Center PC 6.0; .NET4.0C),MSIE 8.0,Windows NT 6.1,127.0.0.1,1,NA,2,1
108,2013-2-15 23:52,2013-2-16 00:24,1936,595503,187,NA,1,1,1,2,2,1,1,23,jetta station tdi,4,4,9,3,NA,NA,1,NA,NA,NA,NA,NA,NA,NA,NA,NA,NA,NA,NA,NA,NA,NA,NA,1,NA,NA,NA,NA,NA,NA,NA,3,1,3,2,1,2,1,2,2,1,2,1,1,2,3,1,5,5,4,4,3,4,3,5,5,5,1,2,0,0,0,0,2,3,4,0,3,2,6,3,1,1,0,0,0,0,0,0,0,0,1,23,16,7,5,8,1,1,NA,NA,NA,1,1,5,NA,Mozilla/5.0 (Windows NT 6.1; WOW64; rv:12.0) Gecko/20100101 Firefox/12.0,Firefox 12.0,Windows NT 6.1,127.0.0.1,1,NA,1,1
109,2013-2-15 23:27,2013-2-15 23:37,609,689385,784,NA,1,1,1,3,3,1,5,25,tc,2,9,6,2,NA,6,NA,NA,NA,NA,NA,NA,NA,NA,NA,6,NA,NA,NA,NA,NA,NA,NA,NA,NA,NA,NA,NA,NA,NA,NA,2,2,2,2,2,3,3,2,2,1,1,3,3,2,3,1,5,5,5,5,3,5,3,1,1,2,1,0,0,0,0,1,2,3,0,0,2,1,2,6,6,1,0,3,0,0,0,0,0,0,1,22,2,4,3,6,2,1,43,16066,6,1,1,5,NA,Mozilla/5.0 (Windows NT 6.1; WOW64; rv:12.0) Gecko/20100101 Firefox/12.0,Firefox 12.0,Windows NT 6.1,127.0.0.1,1,NA,3,1
110,2013-2-16 18:33,2013-2-16 18:45,699,599286,142,NA,1,1,1,3,3,3,6,7,Impala,4,7,9,2,NA,5,NA,NA,NA,NA,NA,NA,NA,NA,NA,5,NA,NA,NA,NA,NA,NA,NA,NA,NA,NA,NA,NA,NA,NA,NA,2,3,2,2,2,2,2,3,2,1,3,2,1,3,1,3,4,5,4,5,4,3,3,2,1,1,1,2,0,4,0,0,0,0,0,0,1,1,3,1,3,0,0,3,0,0,0,0,0,0,2,7,9,5,2,10,1,3,31,21545,6,2,2,5,NA,Mozilla/5.0 (Windows NT 6.1; WOW64; rv:12.0) Gecko/20100101 Firefox/12.0,Firefox 12.0,Windows NT 6.1,127.0.0.1,1,"Difficult decisions here....sometimes there was not a clearly great choice! I normally drive over 250 miles on weekends to see family, so a 75-mile range would not be a great choice for me.",1,1
111,2013-2-16 18:52,2013-2-16 19:04,729,634590,867,NA,1,1,1,3,2,3,4,5,Park Avenue,3,9,9,2,NA,3,NA,NA,NA,NA,NA,NA,NA,NA,NA,3,NA,NA,NA,NA,NA,NA,NA,NA,NA,NA,NA,NA,NA,NA,NA,2,2,2,1,1,2,3,3,1,1,3,1,2,3,1,1,3,3,3,3,3,3,3,3,3,3,1,0,0,0,0,1,2,0,0,0,3,7,4,6,7,1,0,0,0,0,0,0,0,0,3,3,7,4,5,7,1,2,7,15122,3,1,2,5,NA,Mozilla/5.0 (Windows NT 6.1; WOW64; rv:12.0) Gecko/20100101 Firefox/12.0,Firefox 12.0,Windows NT 6.1,127.0.0.1,1,NA,2,1
112,2013-2-16 18:03,2013-2-16 18:11,522,818945,122,NA,1,1,1,3,3,3,6,8,Town & Country,3,2,4,1,7,NA,NA,7,NA,NA,NA,NA,NA,NA,NA,NA,NA,NA,NA,NA,NA,NA,NA,NA,NA,NA,NA,NA,NA,NA,NA,2,2,1,1,1,3,1,1,2,1,3,3,1,1,1,3,3,4,4,5,5,4,1,3,3,4,1,0,0,0,0,1,2,0,0,0,1,1,1,3,1,0,0,0,0,0,0,0,0,0,2,7,8,10,5,12,2,4,31,15,NA,NA,NA,5,NA,Mozilla/5.0 (Windows NT 6.1; WOW64; rv:12.0) Gecko/20100101 Firefox/12.0,Firefox 12.0,Windows NT 6.1,127.0.0.1,1,NA,NA,1
113,2013-2-17 19:47,2013-2-17 19:57,601,677170,293,NA,1,1,1,3,2,1,3,8,Durango,3,3,2,1,5,NA,NA,5,NA,NA,NA,NA,NA,NA,NA,NA,NA,NA,NA,NA,NA,NA,NA,NA,NA,NA,NA,NA,NA,NA,NA,2,2,3,2,3,2,2,2,3,3,3,3,2,1,2,2,5,4,5,5,2,3,3,3,4,4,1,2,0,0,0,1,2,3,0,0,3,1,3,1,6,1,0,0,0,0,0,0,0,0,3,16,4,2,2,12,1,3,29,15206,5,2,2,5,NA,Mozilla/5.0 (Windows NT 6.1; WOW64; rv:12.0) Gecko/20100101 Firefox/12.0,Firefox 12.0,Windows NT 6.1,127.0.0.1,1,NA,1,1
114,2013-2-17 19:12,2013-2-17 19:24,724,1242194,101,NA,1,1,1,3,3,1,5,7,trailblazer,3,9,9,3,NA,NA,1,NA,NA,NA,NA,NA,NA,NA,NA,NA,NA,NA,NA,NA,NA,NA,NA,1,NA,NA,NA,NA,NA,NA,NA,2,2,1,2,2,2,1,2,2,1,3,3,1,2,3,2,4,5,4,4,2,4,4,NA,1,NA,1,2,0,0,0,1,2,0,0,0,3,1,3,3,1,1,0,3,0,0,0,0,0,0,2,10,9,8,3,11,1,1,21,15238,6,1,1,5,NA,Mozilla/5.0 (Windows NT 6.1; WOW64; rv:12.0) Gecko/20100101 Firefox/12.0,Firefox 12.0,Windows NT 6.1,127.0.0.1,1,I'll WALK before I ever buy a Chinese car.,1,1
115,2013-2-17 20:00,2013-2-17 20:10,611,1254959,732,NA,1,1,1,2,2,3,2,16,ml350,4,9,3,2,NA,1,NA,NA,NA,NA,NA,NA,NA,NA,NA,1,NA,NA,NA,NA,NA,NA,NA,NA,NA,NA,NA,NA,NA,NA,NA,3,2,2,2,3,2,2,1,3,1,3,1,2,2,3,3,NA,NA,5,NA,NA,NA,NA,NA,NA,NA,1,0,0,0,0,1,0,0,0,0,3,3,3,3,3,1,0,0,0,0,0,0,0,0,1,6,16,5,1,12,2,8,14,15237,5,6,2,5,NA,Mozilla/5.0 (Windows NT 6.1; WOW64; rv:12.0) Gecko/20100101 Firefox/12.0,Firefox 12.0,Windows NT 6.1,127.0.0.1,1,NA,1,1
116,2013-2-16 00:18,2013-2-16 00:32,833,593276,99,NA,1,1,1,2,2,1,1,20,Forester,4,8,4,1,1,NA,NA,1,NA,NA,NA,NA,NA,NA,NA,NA,NA,NA,NA,NA,NA,NA,NA,NA,NA,NA,NA,NA,NA,NA,NA,1,3,2,3,2,3,3,2,3,2,2,2,1,2,2,3,5,3,4,5,4,5,4,3,3,3,1,0,0,0,0,1,0,0,0,0,3,2,3,3,3,1,0,3,0,0,0,0,0,0,3,18,20,23,5,11,1,3,15,15642,6,3,2,5,NA,Mozilla/5.0 (compatible; MSIE 9.0; Windows NT 6.1; WOW64; Trident/5.0),MSIE 9.0,Windows NT 6.1,127.0.0.1,1,good survey,1,1
117,2013-2-15 22:40,2013-2-15 22:52,728,1210047,134,NA,1,1,1,2,2,1,1,8,Jeep Grand Cherokee,4,6,7,3,NA,NA,5,NA,NA,NA,NA,NA,NA,NA,NA,NA,NA,NA,NA,NA,NA,NA,NA,5,NA,NA,NA,NA,NA,NA,NA,2,3,1,2,1,2,2,1,1,3,1,2,3,3,2,2,4,4,5,4,5,4,3,2,2,5,1,2,0,4,0,1,2,0,0,0,5,1,6,1,6,1,0,3,0,5,0,0,0,0,2,2,22,16,5,11,1,4,19,15317,5,3,2,5,NA,Mozilla/5.0 (compatible; MSIE 9.0; Windows NT 6.1; WOW64; Trident/5.0),MSIE 9.0,Windows NT 6.1,127.0.0.1,1,NA,1,1
118,2013-2-15 22:57,2013-2-15 23:05,448,1299468,288,NA,1,1,1,2,4,3,2,11,oddysey,4,3,9,2,NA,6,NA,NA,NA,NA,NA,NA,NA,NA,NA,6,NA,NA,NA,NA,NA,NA,NA,NA,NA,NA,NA,NA,NA,NA,NA,2,1,2,2,3,2,3,3,2,1,2,2,2,3,1,2,5,5,5,5,3,3,1,3,4,4,1,0,0,0,0,0,2,3,0,0,3,7,6,1,7,1,0,0,0,0,0,0,0,0,2,11,20,22,3,11,2,4,24,15626,6,3,2,5,NA,Mozilla/5.0 (compatible; MSIE 9.0; Windows NT 6.1; WOW64; Trident/5.0),MSIE 9.0,Windows NT 6.1,127.0.0.1,1,NA,3,1
119,2013-2-16 20:40,2013-2-16 20:54,831,537604,804,NA,1,1,1,1,2,1,3,9,Taurus,2,3,4,1,3,NA,NA,3,NA,NA,NA,NA,NA,NA,NA,NA,NA,NA,NA,NA,NA,NA,NA,NA,NA,NA,NA,NA,NA,NA,NA,2,2,1,1,3,3,1,2,1,2,1,1,1,2,2,3,5,5,5,5,1,5,4,1,4,4,1,0,0,0,0,1,0,3,0,0,2,1,3,2,1,1,0,3,4,0,0,0,0,0,3,7,22,10,4,6,2,3,32,15137,6,1,1,5,NA,Mozilla/5.0 (compatible; MSIE 9.0; Windows NT 6.1; WOW64; Trident/5.0),MSIE 9.0,Windows NT 6.1,127.0.0.1,1,NA,2,1
120,2013-2-16 16:58,2013-2-16 17:04,368,555289,948,NA,1,1,1,3,2,3,4,13,Sorento,4,9,9,3,NA,NA,6,NA,NA,NA,NA,NA,NA,NA,NA,NA,NA,NA,NA,NA,NA,NA,NA,6,NA,NA,NA,NA,NA,NA,NA,3,2,3,3,3,3,3,1,1,2,3,2,3,1,3,3,4,5,5,5,3,5,4,1,1,1,1,0,0,0,0,1,0,0,0,0,3,5,5,4,3,1,0,0,0,0,0,0,0,0,2,10,8,13,1,11,1,4,20,15473,5,3,2,5,NA,Mozilla/5.0 (compatible; MSIE 9.0; Windows NT 6.1; WOW64; Trident/5.0),MSIE 9.0,Windows NT 6.1,127.0.0.1,1,NA,1,1
121,2013-2-16 15:51,2013-2-16 15:59,428,604960,199,NA,1,1,1,3,2,1,3,7,Trailblazer,3,8,9,2,NA,7,NA,NA,NA,NA,NA,NA,NA,NA,NA,7,NA,NA,NA,NA,NA,NA,NA,NA,NA,NA,NA,NA,NA,NA,NA,2,1,1,2,2,1,3,3,2,2,2,3,1,3,2,1,4,3,5,4,1,3,2,3,3,2,1,2,0,0,0,1,2,0,0,0,2,1,3,1,1,1,0,0,0,0,0,0,0,0,3,6,10,7,4,11,1,2,39,150,NA,NA,NA,5,NA,Mozilla/5.0 (compatible; MSIE 9.0; Windows NT 6.1; WOW64; Trident/5.0),MSIE 9.0,Windows NT 6.1,127.0.0.1,1,NA,NA,1
122,2013-2-16 18:37,2013-2-16 18:43,404,745119,121,NA,1,1,1,2,4,3,2,22,4Runner,4,5,4,2,NA,6,NA,NA,NA,NA,NA,NA,NA,NA,NA,6,NA,NA,NA,NA,NA,NA,NA,NA,NA,NA,NA,NA,NA,NA,NA,2,2,1,1,1,2,3,3,1,1,2,3,1,3,1,3,5,4,5,5,3,5,5,3,3,4,1,0,0,0,0,1,2,0,0,0,3,7,6,6,6,0,0,0,0,0,0,0,0,0,2,22,18,1,5,11,1,4,50,26301,5,1,1,5,NA,Mozilla/5.0 (compatible; MSIE 9.0; Windows NT 6.1; WOW64; Trident/5.0),MSIE 9.0,Windows NT 6.1,127.0.0.1,1,NA,1,1
123,2013-2-16 18:19,2013-2-16 18:31,739,813523,247,NA,1,1,1,3,3,3,6,9,Flex,4,7,6,3,NA,NA,4,NA,NA,NA,NA,NA,NA,NA,NA,NA,NA,NA,NA,NA,NA,NA,NA,4,NA,NA,NA,NA,NA,NA,NA,2,3,3,2,1,3,1,3,3,2,1,1,1,1,2,1,4,3,4,4,1,4,2,4,4,4,1,2,3,0,0,1,2,3,0,0,3,1,2,2,1,1,0,3,4,0,0,0,0,0,3,9,11,22,3,11,1,4,21,43964,4,3,2,5,NA,Mozilla/5.0 (compatible; MSIE 9.0; Windows NT 6.1; WOW64; Trident/5.0),MSIE 9.0,Windows NT 6.1,127.0.0.1,1,Like to go to a hybrid but the price has always been too high,1,1
124,2013-2-16 20:12,2013-2-16 20:23,713,831217,390,NA,1,1,1,3,3,3,6,9,Escape,3,5,9,1,1,NA,NA,1,NA,NA,NA,NA,NA,NA,NA,NA,NA,NA,NA,NA,NA,NA,NA,NA,NA,NA,NA,NA,NA,NA,NA,2,1,1,1,3,1,2,3,3,2,3,2,3,2,3,2,5,5,4,5,1,5,4,3,5,5,1,0,0,0,0,1,2,0,0,0,3,1,6,3,1,1,0,0,0,0,0,0,0,0,3,9,12,15,4,5,2,2,48,15106,5,1,1,5,NA,Mozilla/5.0 (compatible; MSIE 9.0; Windows NT 6.1; WOW64; Trident/5.0),MSIE 9.0,Windows NT 6.1,127.0.0.1,1,NA,2,1
125,2013-2-16 16:42,2013-2-16 16:51,501,1146260,540,NA,1,1,1,3,2,1,3,1,NA,1,9,7,3,NA,NA,7,NA,NA,NA,NA,NA,NA,NA,NA,NA,NA,NA,NA,NA,NA,NA,NA,7,NA,NA,NA,NA,NA,NA,NA,2,2,2,3,3,1,2,2,2,2,3,2,1,3,2,3,5,5,5,5,2,3,3,3,4,4,1,0,0,0,0,1,2,0,4,0,1,1,1,1,6,0,0,0,0,0,0,0,0,0,3,11,22,18,2,5,2,5,41,26574,5,5,3,5,NA,Mozilla/5.0 (compatible; MSIE 9.0; Windows NT 6.1; WOW64; Trident/5.0),MSIE 9.0,Windows NT 6.1,127.0.0.1,1,NA,2,1
126,2013-2-16 15:39,2013-2-16 15:48,535,1423995,30,NA,1,1,1,3,2,3,4,11,odyssey,4,5,7,1,7,NA,NA,7,NA,NA,NA,NA,NA,NA,NA,NA,NA,NA,NA,NA,NA,NA,NA,NA,NA,NA,NA,NA,NA,NA,NA,2,1,2,2,1,1,3,3,3,3,3,1,2,2,3,1,4,4,5,4,4,5,3,4,5,5,1,0,0,0,0,1,2,0,0,0,1,1,5,1,1,0,0,3,0,0,0,7,0,0,2,7,11,8,4,12,1,5,27,15009,4,4,2,5,NA,Mozilla/5.0 (compatible; MSIE 9.0; Windows NT 6.1; WOW64; Trident/5.0),MSIE 9.0,Windows NT 6.1,127.0.0.1,1,NA,1,1
127,2013-2-17 19:02,2013-2-17 19:15,787,1291477,73,NA,1,1,1,3,2,3,4,25,NA,3,9,8,3,NA,NA,1,NA,NA,NA,NA,NA,NA,NA,NA,NA,NA,NA,NA,NA,NA,NA,NA,1,NA,NA,NA,NA,NA,NA,NA,2,2,3,1,3,2,1,2,2,1,3,3,2,1,3,1,5,5,5,4,1,5,5,5,4,4,1,0,0,0,0,0,2,3,4,0,3,7,5,7,7,1,0,0,0,0,0,0,0,0,2,22,10,8,3,11,2,2,32,15044,7,1,2,5,NA,Mozilla/5.0 (compatible; MSIE 9.0; Windows NT 6.1; WOW64; Trident/5.0),MSIE 9.0,Windows NT 6.1,127.0.0.1,1,"I am interested in the hybrid and electric technology but require more distance between plug ins.  Also, cargo capacity and style are very important to me.  I am interested in a vehicle with 40 mpg and large fuel capacity.  Prefer american.  Would sacrafice acceleration speed.",1,1
128,2013-2-16 20:08,2013-2-16 20:15,396,735321,857,NA,1,1,1,3,2,3,4,9,ranger,3,3,4,2,NA,7,NA,NA,NA,NA,NA,NA,NA,NA,NA,7,NA,NA,NA,NA,NA,NA,NA,NA,NA,NA,NA,NA,NA,NA,NA,2,2,2,3,3,2,2,3,2,2,1,2,1,2,2,1,5,5,3,5,1,4,4,3,4,3,1,2,0,0,0,1,2,3,0,0,2,1,3,6,1,1,0,0,0,0,0,0,0,0,3,10,9,18,3,7,1,3,41,15234,5,2,2,5,NA,"Mozilla/5.0 (Windows NT 6.1; WOW64) AppleWebKit/536.11 (KHTML, like Gecko) Chrome/20.0.1132.57 Safari/536.11",Chrome 20.0.1132.57,Windows NT 6.1,127.0.0.1,1,NA,2,1
129,2013-2-15 22:10,2013-2-15 22:22,676,953440,986,NA,1,1,1,3,3,1,5,7,equinox,3,9,9,2,NA,7,NA,NA,NA,NA,NA,NA,NA,NA,NA,7,NA,NA,NA,NA,NA,NA,NA,NA,NA,NA,NA,NA,NA,NA,NA,2,2,1,3,1,1,3,1,2,2,2,2,1,3,3,2,4,2,4,4,2,4,4,2,3,3,1,0,0,0,0,1,2,3,4,0,3,7,5,5,7,0,0,0,0,0,0,0,0,0,2,7,10,9,5,10,2,3,36,48734,5,2,2,5,NA,"Mozilla/5.0 (Windows NT 6.1; WOW64) AppleWebKit/536.11 (KHTML, like Gecko) Chrome/20.0.1132.57 Safari/536.11",Chrome 20.0.1132.57,Windows NT 6.1,127.0.0.1,1,NA,1,1
130,2013-2-15 22:42,2013-2-15 22:58,981,1097343,834,NA,1,1,1,2,4,1,1,11,crv,4,9,7,1,2,NA,NA,2,NA,NA,NA,NA,NA,NA,NA,NA,NA,NA,NA,NA,NA,NA,NA,NA,NA,NA,NA,NA,NA,NA,NA,1,2,2,2,3,1,1,2,2,1,2,3,2,3,2,3,5,3,4,4,2,4,2,2,3,4,0,2,0,0,0,1,2,0,0,0,3,7,5,5,7,1,0,3,4,0,0,0,0,9,2,11,20,9,4,9,1,4,22,15239,2,3,2,5,NA,"Mozilla/5.0 (Windows NT 6.1; WOW64) AppleWebKit/536.11 (KHTML, like Gecko) Chrome/20.0.1132.57 Safari/536.11",Chrome 20.0.1132.57,Windows NT 6.1,127.0.0.1,1,NA,1,1
131,2013-2-16 19:40,2013-2-16 19:47,407,1185437,291,NA,1,1,1,3,2,3,4,9,f150,4,7,7,1,1,NA,NA,1,NA,NA,NA,NA,NA,NA,NA,NA,NA,NA,NA,NA,NA,NA,NA,NA,NA,NA,NA,NA,NA,NA,NA,2,1,2,2,3,3,1,1,3,1,1,1,1,1,3,3,5,2,NA,5,1,5,1,5,3,3,0,2,0,0,0,0,2,0,0,0,5,4,5,1,2,1,0,3,0,0,0,0,0,0,3,9,4,10,4,11,2,4,26,15438,4,3,2,5,NA,"Mozilla/5.0 (Windows NT 6.1; WOW64) AppleWebKit/536.11 (KHTML, like Gecko) Chrome/20.0.1132.57 Safari/536.11",Chrome 20.0.1132.57,Windows NT 6.1,127.0.0.1,1,NA,1,1
132,2013-2-16 19:12,2013-2-16 19:26,840,1243522,799,NA,1,1,1,3,2,3,4,10,G6,3,8,5,3,NA,NA,1,NA,NA,NA,NA,NA,NA,NA,NA,NA,NA,NA,NA,NA,NA,NA,NA,1,NA,NA,NA,NA,NA,NA,NA,2,1,3,2,2,1,1,2,1,3,3,1,2,2,2,1,4,5,5,5,5,4,3,3,3,3,1,0,0,0,0,1,2,3,0,0,2,1,6,7,6,1,0,3,0,5,0,7,0,0,3,7,10,8,3,8,2,2,43,43945,3,1,2,5,NA,"Mozilla/5.0 (Windows NT 6.1; WOW64) AppleWebKit/536.11 (KHTML, like Gecko) Chrome/20.0.1132.57 Safari/536.11",Chrome 20.0.1132.57,Windows NT 6.1,127.0.0.1,1,NA,1,1
133,2013-2-16 18:34,2013-2-16 18:41,439,1295662,320,NA,1,1,1,3,2,3,4,7,Impala,4,3,9,2,NA,6,NA,NA,NA,NA,NA,NA,NA,NA,NA,6,NA,NA,NA,NA,NA,NA,NA,NA,NA,NA,NA,NA,NA,NA,NA,2,3,1,2,2,3,3,3,2,2,2,2,2,2,1,1,5,4,5,5,4,4,4,3,3,3,1,2,0,0,0,1,2,0,0,0,5,1,3,1,1,0,0,0,0,0,0,0,0,0,2,7,9,5,4,11,2,3,34,21545,6,2,2,5,NA,"Mozilla/5.0 (Windows NT 6.1; WOW64) AppleWebKit/536.11 (KHTML, like Gecko) Chrome/20.0.1132.57 Safari/536.11",Chrome 20.0.1132.57,Windows NT 6.1,127.0.0.1,1,NA,2,1
134,2013-2-15 21:11,2013-2-15 21:21,563,1422416,150,NA,1,1,1,2,4,1,1,6,srx,2,8,1,2,NA,7,NA,NA,NA,NA,NA,NA,NA,NA,NA,7,NA,NA,NA,NA,NA,NA,NA,NA,NA,NA,NA,NA,NA,NA,NA,3,2,3,3,2,3,1,3,2,1,1,2,3,1,2,3,4,4,5,5,3,5,5,3,4,4,1,0,0,0,0,0,2,0,0,0,2,2,2,2,2,0,0,0,0,0,6,0,0,0,2,6,4,18,1,7,1,1,5,NA,5,4,4,5,NA,"Mozilla/5.0 (Windows NT 6.1; WOW64) AppleWebKit/536.11 (KHTML, like Gecko) Chrome/20.0.1132.57 Safari/536.11",Chrome 20.0.1132.57,Windows NT 6.1,127.0.0.1,1,NA,1,1
135,2013-2-16 19:47,2013-2-16 20:00,780,1565405,593,NA,1,1,1,3,3,1,5,25,jeep,2,9,8,2,NA,2,NA,NA,NA,NA,NA,NA,NA,NA,NA,2,NA,NA,NA,NA,NA,NA,NA,NA,NA,NA,NA,NA,NA,NA,NA,2,1,3,2,3,3,3,1,3,3,3,3,2,1,3,2,3,4,5,4,3,5,4,2,4,4,1,0,0,0,0,1,2,0,0,0,3,3,5,3,1,0,2,0,0,0,0,0,0,0,2,3,25,4,4,4,1,3,40,15206,4,1,1,5,NA,"Mozilla/5.0 (Windows NT 6.1; WOW64) AppleWebKit/536.11 (KHTML, like Gecko) Chrome/20.0.1132.57 Safari/536.11",Chrome 20.0.1132.57,Windows NT 6.1,127.0.0.1,1,jeep should be on your survey,1,1
136,2013-2-17 20:53,2013-2-17 21:04,694,1063579,959,NA,1,1,1,3,2,1,3,15,tribute,4,2,4,2,NA,8,NA,NA,NA,NA,NA,NA,NA,NA,NA,8,NA,NA,NA,NA,NA,NA,NA,NA,NA,NA,NA,NA,NA,NA,NA,2,1,1,2,3,1,1,1,1,1,1,1,1,1,1,1,5,5,5,5,5,5,5,5,5,5,1,0,0,0,0,1,0,0,0,0,2,1,3,3,3,1,0,0,0,5,6,0,0,0,3,9,7,18,5,4,2,4,54,15042,2,3,2,5,NA,"Mozilla/5.0 (Windows NT 6.1; WOW64) AppleWebKit/536.11 (KHTML, like Gecko) Chrome/20.0.1132.57 Safari/536.11",Chrome 20.0.1132.57,Windows NT 6.1,127.0.0.1,1,NA,3,1
137,2013-2-17 19:10,2013-2-17 19:22,736,1286580,573,NA,1,1,1,3,3,1,5,18,Rogue,2,6,8,2,NA,5,NA,NA,NA,NA,NA,NA,NA,NA,NA,5,NA,NA,NA,NA,NA,NA,NA,NA,NA,NA,NA,NA,NA,NA,NA,2,2,2,3,3,2,3,1,1,3,1,1,3,2,3,2,4,4,5,5,1,4,2,3,4,4,1,2,0,0,0,1,2,0,0,0,1,1,5,1,1,0,0,3,0,0,0,0,0,0,2,18,7,15,4,8,2,2,19,26547,6,3,4,5,NA,"Mozilla/5.0 (Windows NT 6.1; WOW64) AppleWebKit/536.11 (KHTML, like Gecko) Chrome/20.0.1132.57 Safari/536.11",Chrome 20.0.1132.57,Windows NT 6.1,127.0.0.1,1,NA,1,1
138,2013-2-17 21:06,2013-2-17 21:19,746,1561096,262,NA,1,1,1,3,2,1,3,20,legacy,3,9,7,1,4,NA,NA,4,NA,NA,NA,NA,NA,NA,NA,NA,NA,NA,NA,NA,NA,NA,NA,NA,NA,NA,NA,NA,NA,NA,NA,2,3,1,1,2,1,3,3,1,1,2,1,2,1,2,1,5,4,5,3,1,4,1,2,2,2,1,2,0,0,0,1,2,0,0,0,3,7,6,3,1,1,0,0,0,0,0,0,0,0,2,20,15,16,2,12,1,4,25,15668,7,3,2,5,NA,"Mozilla/5.0 (Windows NT 6.1; WOW64) AppleWebKit/536.11 (KHTML, like Gecko) Chrome/20.0.1132.57 Safari/536.11",Chrome 20.0.1132.57,Windows NT 6.1,127.0.0.1,1,good luck,2,1
139,2013-2-16 20:39,2013-2-16 20:56,1027,528750,226,NA,1,1,1,3,2,3,4,20,legacy,3,4,1,2,NA,2,NA,NA,NA,NA,NA,NA,NA,NA,NA,2,NA,NA,NA,NA,NA,NA,NA,NA,NA,NA,NA,NA,NA,NA,NA,2,2,1,1,2,2,1,2,1,2,2,2,2,2,2,1,5,5,5,5,1,4,3,3,3,3,1,0,0,0,0,1,2,0,0,0,3,1,3,4,7,0,0,0,0,0,0,0,0,9,2,20,20,11,2,8,2,3,16,15221,4,2,2,5,NA,"Mozilla/5.0 (Windows NT 6.1; WOW64) AppleWebKit/537.11 (KHTML, like Gecko) Chrome/23.0.1271.95 Safari/537.11",Chrome 23.0.1271.95,Windows NT 6.1,127.0.0.1,1,NA,2,1
140,2013-2-15 22:08,2013-2-15 22:20,680,787461,378,NA,1,1,1,3,2,3,4,7,impala,4,5,2,2,NA,1,NA,NA,NA,NA,NA,NA,NA,NA,NA,1,NA,NA,NA,NA,NA,NA,NA,NA,NA,NA,NA,NA,NA,NA,NA,1,1,1,1,1,1,2,1,2,2,1,1,3,2,3,1,2,2,4,5,2,5,3,3,3,3,1,0,0,0,0,1,0,0,0,0,5,1,6,1,4,1,0,0,0,0,0,0,0,0,3,7,6,5,1,9,1,2,5,15774,4,5,2,5,NA,"Mozilla/5.0 (Windows NT 6.1; WOW64) AppleWebKit/537.11 (KHTML, like Gecko) Chrome/23.0.1271.95 Safari/537.11",Chrome 23.0.1271.95,Windows NT 6.1,127.0.0.1,1,NA,1,1
141,2013-2-15 21:50,2013-2-15 22:02,750,1259543,259,NA,1,1,1,2,2,1,1,22,rx 350,4,6,9,2,NA,7,NA,NA,NA,NA,NA,NA,NA,NA,NA,7,NA,NA,NA,NA,NA,NA,NA,NA,NA,NA,NA,NA,NA,NA,NA,2,1,1,1,1,2,2,2,1,3,3,3,2,2,2,1,2,4,5,5,1,5,1,3,4,4,1,0,0,0,0,1,2,3,4,0,3,1,6,3,1,1,0,0,0,0,0,0,0,0,2,22,4,9,5,9,1,2,12,15401,6,1,2,5,NA,"Mozilla/5.0 (Windows NT 6.1; WOW64) AppleWebKit/537.11 (KHTML, like Gecko) Chrome/23.0.1271.95 Safari/537.11",Chrome 23.0.1271.95,Windows NT 6.1,127.0.0.1,1,NA,1,1
142,2013-2-16 20:28,2013-2-16 20:36,468,1338645,39,NA,1,1,1,2,3,1,1,25,NA,2,4,4,1,6,NA,NA,6,NA,NA,NA,NA,NA,NA,NA,NA,NA,NA,NA,NA,NA,NA,NA,NA,NA,NA,NA,NA,NA,NA,NA,2,1,3,1,1,3,1,1,2,3,2,3,3,2,3,1,5,5,5,4,1,1,2,3,1,1,1,2,0,4,0,0,2,3,4,0,4,7,5,5,3,1,0,0,0,5,0,0,0,0,3,20,11,22,1,3,1,1,10,15243,5,1,1,5,NA,"Mozilla/5.0 (Windows NT 6.1; WOW64) AppleWebKit/537.11 (KHTML, like Gecko) Chrome/23.0.1271.95 Safari/537.11",Chrome 23.0.1271.95,Windows NT 6.1,127.0.0.1,1,NA,1,1
143,2013-2-15 23:19,2013-2-15 23:31,688,1425473,838,NA,1,1,1,3,3,1,5,6,Escalade,4,5,7,2,NA,7,NA,NA,NA,NA,NA,NA,NA,NA,NA,7,NA,NA,NA,NA,NA,NA,NA,NA,NA,NA,NA,NA,NA,NA,NA,3,3,1,1,2,2,1,1,1,2,3,2,1,1,2,3,4,4,5,5,4,4,2,3,3,4,1,2,3,0,0,1,0,3,0,0,4,1,6,6,6,1,0,3,0,5,0,7,0,9,3,6,16,4,2,11,2,3,18,16025,1,3,4,5,NA,"Mozilla/5.0 (Windows NT 6.1; WOW64) AppleWebKit/537.11 (KHTML, like Gecko) Chrome/23.0.1271.95 Safari/537.11",Chrome 23.0.1271.95,Windows NT 6.1,127.0.0.1,1,NA,1,1
144,2013-2-15 20:14,2013-2-15 20:26,710,1619948,328,NA,1,1,1,2,3,1,1,7,equinox,4,9,9,1,8,NA,NA,8,NA,NA,NA,NA,NA,NA,NA,NA,NA,NA,NA,NA,NA,NA,NA,NA,NA,NA,NA,NA,NA,NA,NA,2,1,3,2,2,2,2,2,2,3,1,1,2,3,2,1,4,4,5,5,3,4,4,3,5,5,0,2,0,4,0,0,0,0,0,0,2,7,4,1,6,1,0,0,0,0,0,0,0,0,3,2,6,14,1,8,2,4,41,16157,3,3,2,5,NA,"Mozilla/5.0 (Windows NT 6.1; WOW64) AppleWebKit/537.11 (KHTML, like Gecko) Chrome/23.0.1271.95 Safari/537.11",Chrome 23.0.1271.95,Windows NT 6.1,127.0.0.1,1,NA,2,1
145,2013-2-15 23:50,2013-2-16 00:06,964,1623868,380,NA,1,1,1,3,2,1,3,7,traverse,3,3,2,2,NA,5,NA,NA,NA,NA,NA,NA,NA,NA,NA,5,NA,NA,NA,NA,NA,NA,NA,NA,NA,NA,NA,NA,NA,NA,NA,1,2,3,3,2,3,2,3,1,2,3,1,2,1,3,3,5,5,4,4,3,4,1,1,2,2,1,0,0,0,0,1,2,3,4,0,3,1,5,2,3,1,0,3,0,0,0,0,0,0,3,1,1,1,3,10,1,6,34,15239,5,5,2,5,NA,"Mozilla/5.0 (Windows NT 6.1; WOW64) AppleWebKit/537.11 (KHTML, like Gecko) Chrome/23.0.1271.95 Safari/537.11",Chrome 23.0.1271.95,Windows NT 6.1,127.0.0.1,1,thank good luck,2,1
146,2013-2-17 19:46,2013-2-17 19:58,736,1244787,455,NA,1,1,1,3,2,1,3,7,blazer,3,9,9,1,7,NA,NA,7,NA,NA,NA,NA,NA,NA,NA,NA,NA,NA,NA,NA,NA,NA,NA,NA,NA,NA,NA,NA,NA,NA,NA,1,2,2,1,1,1,1,2,1,2,2,1,2,3,1,3,4,2,5,NA,1,5,NA,1,1,1,0,0,0,0,5,0,0,0,0,0,3,7,6,7,6,0,0,0,0,0,0,0,0,0,2,22,25,7,5,11,2,2,21,15044,6,1,3,5,NA,"Mozilla/5.0 (Windows NT 6.1; WOW64) AppleWebKit/537.11 (KHTML, like Gecko) Chrome/23.0.1271.95 Safari/537.11",Chrome 23.0.1271.95,Windows NT 6.1,127.0.0.1,1,Good luck on your paper,1,1
147,2013-2-16 17:45,2013-2-16 17:52,418,866801,326,NA,1,1,1,3,3,1,5,9,sport trac,2,4,5,1,5,NA,NA,5,NA,NA,NA,NA,NA,NA,NA,NA,NA,NA,NA,NA,NA,NA,NA,NA,NA,NA,NA,NA,NA,NA,NA,1,2,2,2,1,1,1,1,3,1,2,1,1,1,3,2,5,4,5,5,3,4,3,3,3,2,1,0,0,0,0,1,0,0,0,0,2,2,2,2,2,0,0,0,0,0,0,0,0,9,2,9,11,7,3,12,1,1,27,15102,6,1,1,5,NA,Mozilla/5.0 (compatible; MSIE 9.0; Windows NT 6.1; WOW64; Trident/5.0),MSIE 9.0,Windows NT 6.1,127.0.0.1,1,NA,2,1
148,2013-2-16 18:41,2013-2-16 18:49,466,1141591,209,NA,1,1,1,3,2,1,3,22,sienna,4,4,9,1,4,NA,NA,4,NA,NA,NA,NA,NA,NA,NA,NA,NA,NA,NA,NA,NA,NA,NA,NA,NA,NA,NA,NA,NA,NA,NA,2,1,1,2,1,1,1,2,1,1,1,2,1,2,1,3,5,4,5,4,3,3,3,3,3,3,1,0,0,0,0,1,0,0,0,0,2,7,7,2,1,1,2,3,4,5,6,7,8,9,2,22,24,11,4,11,1,3,17,15068,5,4,2,5,NA,Mozilla/5.0 (compatible; MSIE 9.0; Windows NT 6.1; WOW64; Trident/5.0),MSIE 9.0,Windows NT 6.1,127.0.0.1,1,NA,1,1
149,2013-2-16 20:05,2013-2-16 20:14,541,1515947,496,NA,1,1,1,3,2,3,4,22,Rav 4,4,2,8,1,4,NA,NA,4,NA,NA,NA,NA,NA,NA,NA,NA,NA,NA,NA,NA,NA,NA,NA,NA,NA,NA,NA,NA,NA,NA,NA,2,2,3,2,2,3,1,3,1,1,1,2,1,2,2,2,4,4,5,5,3,4,3,3,3,3,0,0,0,0,5,0,2,3,0,0,3,5,5,3,3,1,0,3,0,0,0,0,0,0,2,22,11,8,4,11,2,2,13,NA,6,5,1,5,NA,Mozilla/5.0 (compatible; MSIE 9.0; Windows NT 6.1; WOW64; Trident/5.0),MSIE 9.0,Windows NT 6.1,127.0.0.1,1,NA,1,1
150,2013-2-16 17:55,2013-2-16 18:04,536,1671045,95,NA,1,1,1,2,4,3,2,11,odessy,3,8,6,2,NA,3,NA,NA,NA,NA,NA,NA,NA,NA,NA,3,NA,NA,NA,NA,NA,NA,NA,NA,NA,NA,NA,NA,NA,NA,NA,1,1,3,3,2,3,3,3,1,1,2,3,3,3,1,3,5,5,5,5,3,4,4,3,4,4,0,0,0,0,5,0,2,0,0,0,1,1,6,1,1,0,0,0,0,0,0,0,0,0,2,11,9,7,5,2,2,3,32,15547,5,2,2,5,NA,Mozilla/5.0 (compatible; MSIE 9.0; Windows NT 6.1; WOW64; Trident/5.0),MSIE 9.0,Windows NT 6.1,127.0.0.1,1,NA,2,1
151,2013-2-17 19:43,2013-2-17 19:53,639,1151962,625,NA,1,1,1,2,3,1,1,20,Legacy,4,4,7,2,NA,3,NA,NA,NA,NA,NA,NA,NA,NA,NA,3,NA,NA,NA,NA,NA,NA,NA,NA,NA,NA,NA,NA,NA,NA,NA,2,2,3,2,2,1,3,3,3,1,3,3,3,3,2,3,4,4,5,5,1,5,5,4,4,4,1,0,0,0,0,1,2,3,4,5,3,7,5,5,7,1,0,3,0,0,0,0,0,0,3,20,11,14,2,11,1,4,18,15238,6,3,2,5,NA,Mozilla/5.0 (compatible; MSIE 9.0; Windows NT 6.1; WOW64; Trident/5.0),MSIE 9.0,Windows NT 6.1,127.0.0.1,1,NA,1,1
